File,Technology,Keyword,Count
/QT_Python/pyspark-rdd-wordcount.py,Python,from,1
/QT_Python/pyspark-rdd-wordcount.py,Python,for,6
/QT_Python/pyspark-rdd-wordcount.py,Python,in,7
/QT_Python/pyspark-rdd-wordcount.py,Python,import,1
/QT_Python/pyspark-rdd-wordcount.py,Python,lambda,5
/QT_Python/pyspark-rdd-wordcount.py,Python,SparkSession,2
/QT_Python/pyspark-rdd-wordcount.py,Python,sql,1
/QT_Python/pyspark-rdd-wordcount.py,Python,collect,6
/QT_Python/pyspark-rdd-wordcount.py,Python,filter,1
/QT_Python/pyspark-rdd-wordcount.py,Python,flatMap,1
/QT_Python/pyspark-rdd-wordcount.py,Python,map,2
/QT_Python/pyspark-rdd-wordcount.py,Python,rdd,3
/QT_Python/pyspark-rdd-wordcount.py,Python,spark,2
/QT_Python/pyspark-rdd-wordcount.py,Python,sparkContext,1
/QT_Python/pyspark-rdd-wordcount.py,Python,split,1
/QT_Python/pyspark-string-to-array.py,Python,False,1
/QT_Python/pyspark-string-to-array.py,Python,from,2
/QT_Python/pyspark-string-to-array.py,Python,import,2
/QT_Python/pyspark-string-to-array.py,Python,SparkSession,2
/QT_Python/pyspark-string-to-array.py,Python,sql,3
/QT_Python/pyspark-string-to-array.py,Python,show,3
/QT_Python/pyspark-string-to-array.py,Python,alias,1
/QT_Python/pyspark-string-to-array.py,Python,col,2
/QT_Python/pyspark-string-to-array.py,Python,columns,2
/QT_Python/pyspark-string-to-array.py,Python,createDataFrame,1
/QT_Python/pyspark-string-to-array.py,Python,createOrReplaceTempView,1
/QT_Python/pyspark-string-to-array.py,Python,drop,1
/QT_Python/pyspark-string-to-array.py,Python,printSchema,2
/QT_Python/pyspark-string-to-array.py,Python,select,1
/QT_Python/pyspark-string-to-array.py,Python,spark,3
/QT_Python/pyspark-string-to-array.py,Python,split,2
/QT_Python/pyspark-convert-map-to-columns.py,Python,False,1
/QT_Python/pyspark-convert-map-to-columns.py,Python,from,2
/QT_Python/pyspark-convert-map-to-columns.py,Python,import,2
/QT_Python/pyspark-convert-map-to-columns.py,Python,lambda,3
/QT_Python/pyspark-convert-map-to-columns.py,Python,None,1
/QT_Python/pyspark-convert-map-to-columns.py,Python,SparkSession,2
/QT_Python/pyspark-convert-map-to-columns.py,Python,sql,2
/QT_Python/pyspark-convert-map-to-columns.py,Python,show,5
/QT_Python/pyspark-convert-map-to-columns.py,Python,collect,1
/QT_Python/pyspark-convert-map-to-columns.py,Python,explode,2
/QT_Python/pyspark-convert-map-to-columns.py,Python,alias,1
/QT_Python/pyspark-convert-map-to-columns.py,Python,col,2
/QT_Python/pyspark-convert-map-to-columns.py,Python,createDataFrame,1
/QT_Python/pyspark-convert-map-to-columns.py,Python,distinct,1
/QT_Python/pyspark-convert-map-to-columns.py,Python,drop,2
/QT_Python/pyspark-convert-map-to-columns.py,Python,getItem,3
/QT_Python/pyspark-convert-map-to-columns.py,Python,map,3
/QT_Python/pyspark-convert-map-to-columns.py,Python,map_keys,2
/QT_Python/pyspark-convert-map-to-columns.py,Python,printSchema,2
/QT_Python/pyspark-convert-map-to-columns.py,Python,rdd,2
/QT_Python/pyspark-convert-map-to-columns.py,Python,schema,1
/QT_Python/pyspark-convert-map-to-columns.py,Python,select,2
/QT_Python/pyspark-convert-map-to-columns.py,Python,spark,2
/QT_Python/pyspark-convert-map-to-columns.py,Python,toDF,1
/QT_Python/pyspark-convert-map-to-columns.py,Python,withColumn,4
/QT_Python/pyspark-rename-column.py,Python,from,3
/QT_Python/pyspark-rename-column.py,Python,import,4
/QT_Python/pyspark-rename-column.py,Python,True,6
/QT_Python/pyspark-rename-column.py,Python,SparkSession,2
/QT_Python/pyspark-rename-column.py,Python,sql,3
/QT_Python/pyspark-rename-column.py,Python,alias,3
/QT_Python/pyspark-rename-column.py,Python,col,13
/QT_Python/pyspark-rename-column.py,Python,createDataFrame,1
/QT_Python/pyspark-rename-column.py,Python,drop,1
/QT_Python/pyspark-rename-column.py,Python,printSchema,6
/QT_Python/pyspark-rename-column.py,Python,schema,3
/QT_Python/pyspark-rename-column.py,Python,select,2
/QT_Python/pyspark-rename-column.py,Python,spark,2
/QT_Python/pyspark-rename-column.py,Python,withColumn,3
/QT_Python/pyspark-rename-column.py,Python,withColumnRenamed,3
/QT_Python/pyspark-explode-array-map.py,Python,from,6
/QT_Python/pyspark-explode-array-map.py,Python,import,7
/QT_Python/pyspark-explode-array-map.py,Python,None,4
/QT_Python/pyspark-explode-array-map.py,Python,SparkSession,2
/QT_Python/pyspark-explode-array-map.py,Python,sql,6
/QT_Python/pyspark-explode-array-map.py,Python,show,9
/QT_Python/pyspark-explode-array-map.py,Python,explode,4
/QT_Python/pyspark-explode-array-map.py,Python,createDataFrame,1
/QT_Python/pyspark-explode-array-map.py,Python,explode_outer,3
/QT_Python/pyspark-explode-array-map.py,Python,posexplode,3
/QT_Python/pyspark-explode-array-map.py,Python,posexplode_outer,3
/QT_Python/pyspark-explode-array-map.py,Python,printSchema,3
/QT_Python/pyspark-explode-array-map.py,Python,schema,1
/QT_Python/pyspark-explode-array-map.py,Python,select,8
/QT_Python/pyspark-explode-array-map.py,Python,spark,2
/QT_Python/pyspark-repartition.py,Python,from,1
/QT_Python/pyspark-repartition.py,Python,import,2
/QT_Python/pyspark-repartition.py,Python,SparkSession,2
/QT_Python/pyspark-repartition.py,Python,sql,1
/QT_Python/pyspark-repartition.py,Python,coalesce,1
/QT_Python/pyspark-repartition.py,Python,conf,1
/QT_Python/pyspark-repartition.py,Python,range,1
/QT_Python/pyspark-repartition.py,Python,rdd,3
/QT_Python/pyspark-repartition.py,Python,repartition,1
/QT_Python/pyspark-repartition.py,Python,spark,5
/QT_Python/pyspark-repartition.py,Python,sparkContext,2
/QT_Python/pyspark-mappartitions.py,Python,def,2
/QT_Python/pyspark-mappartitions.py,Python,from,1
/QT_Python/pyspark-mappartitions.py,Python,for,2
/QT_Python/pyspark-mappartitions.py,Python,in,2
/QT_Python/pyspark-mappartitions.py,Python,import,1
/QT_Python/pyspark-mappartitions.py,Python,return,1
/QT_Python/pyspark-mappartitions.py,Python,yield,1
/QT_Python/pyspark-mappartitions.py,Python,SparkSession,2
/QT_Python/pyspark-mappartitions.py,Python,sql,1
/QT_Python/pyspark-mappartitions.py,Python,show,3
/QT_Python/pyspark-mappartitions.py,Python,columns,2
/QT_Python/pyspark-mappartitions.py,Python,createDataFrame,1
/QT_Python/pyspark-mappartitions.py,Python,mapPartitions,2
/QT_Python/pyspark-mappartitions.py,Python,rdd,2
/QT_Python/pyspark-mappartitions.py,Python,schema,1
/QT_Python/pyspark-mappartitions.py,Python,spark,2
/QT_Python/pyspark-mappartitions.py,Python,toDF,2
/QT_Python/pyspark-broadcast-dataframe.py,Python,def,1
/QT_Python/pyspark-broadcast-dataframe.py,Python,False,2
/QT_Python/pyspark-broadcast-dataframe.py,Python,from,1
/QT_Python/pyspark-broadcast-dataframe.py,Python,import,2
/QT_Python/pyspark-broadcast-dataframe.py,Python,lambda,1
/QT_Python/pyspark-broadcast-dataframe.py,Python,return,1
/QT_Python/pyspark-broadcast-dataframe.py,Python,SparkSession,2
/QT_Python/pyspark-broadcast-dataframe.py,Python,sql,1
/QT_Python/pyspark-broadcast-dataframe.py,Python,show,2
/QT_Python/pyspark-broadcast-dataframe.py,Python,broadcast,1
/QT_Python/pyspark-broadcast-dataframe.py,Python,columns,3
/QT_Python/pyspark-broadcast-dataframe.py,Python,createDataFrame,1
/QT_Python/pyspark-broadcast-dataframe.py,Python,isin,1
/QT_Python/pyspark-broadcast-dataframe.py,Python,map,1
/QT_Python/pyspark-broadcast-dataframe.py,Python,printSchema,1
/QT_Python/pyspark-broadcast-dataframe.py,Python,rdd,1
/QT_Python/pyspark-broadcast-dataframe.py,Python,schema,1
/QT_Python/pyspark-broadcast-dataframe.py,Python,spark,3
/QT_Python/pyspark-broadcast-dataframe.py,Python,sparkContext,1
/QT_Python/pyspark-broadcast-dataframe.py,Python,toDF,1
/QT_Python/pyspark-broadcast-dataframe.py,Python,where,1
/QT_Python/pyspark-drop-column.py,Python,False,1
/QT_Python/pyspark-drop-column.py,Python,from,2
/QT_Python/pyspark-drop-column.py,Python,import,3
/QT_Python/pyspark-drop-column.py,Python,SparkSession,2
/QT_Python/pyspark-drop-column.py,Python,sql,2
/QT_Python/pyspark-drop-column.py,Python,show,1
/QT_Python/pyspark-drop-column.py,Python,col,2
/QT_Python/pyspark-drop-column.py,Python,columns,2
/QT_Python/pyspark-drop-column.py,Python,createDataFrame,1
/QT_Python/pyspark-drop-column.py,Python,drop,5
/QT_Python/pyspark-drop-column.py,Python,printSchema,6
/QT_Python/pyspark-drop-column.py,Python,schema,1
/QT_Python/pyspark-drop-column.py,Python,spark,2
/QT_Python/pyspark-groupby.py,Python,False,6
/QT_Python/pyspark-groupby.py,Python,from,2
/QT_Python/pyspark-groupby.py,Python,import,3
/QT_Python/pyspark-groupby.py,Python,SparkSession,2
/QT_Python/pyspark-groupby.py,Python,sql,2
/QT_Python/pyspark-groupby.py,Python,sum,7
/QT_Python/pyspark-groupby.py,Python,avg,3
/QT_Python/pyspark-groupby.py,Python,show,6
/QT_Python/pyspark-groupby.py,Python,count,1
/QT_Python/pyspark-groupby.py,Python,agg,2
/QT_Python/pyspark-groupby.py,Python,alias,8
/QT_Python/pyspark-groupby.py,Python,col,2
/QT_Python/pyspark-groupby.py,Python,createDataFrame,1
/QT_Python/pyspark-groupby.py,Python,groupBy,5
/QT_Python/pyspark-groupby.py,Python,max,3
/QT_Python/pyspark-groupby.py,Python,printSchema,1
/QT_Python/pyspark-groupby.py,Python,schema,3
/QT_Python/pyspark-groupby.py,Python,spark,2
/QT_Python/pyspark-groupby.py,Python,where,1
/QT_Python/pyspark-when-otherwise.py,Python,False,5
/QT_Python/pyspark-when-otherwise.py,Python,from,3
/QT_Python/pyspark-when-otherwise.py,Python,import,4
/QT_Python/pyspark-when-otherwise.py,Python,SparkSession,2
/QT_Python/pyspark-when-otherwise.py,Python,sql,3
/QT_Python/pyspark-when-otherwise.py,Python,show,6
/QT_Python/pyspark-when-otherwise.py,Python,alias,2
/QT_Python/pyspark-when-otherwise.py,Python,col,11
/QT_Python/pyspark-when-otherwise.py,Python,columns,2
/QT_Python/pyspark-when-otherwise.py,Python,createDataFrame,2
/QT_Python/pyspark-when-otherwise.py,Python,expr,3
/QT_Python/pyspark-when-otherwise.py,Python,printSchema,1
/QT_Python/pyspark-when-otherwise.py,Python,schema,2
/QT_Python/pyspark-when-otherwise.py,Python,select,2
/QT_Python/pyspark-when-otherwise.py,Python,spark,3
/QT_Python/pyspark-when-otherwise.py,Python,when,7
/QT_Python/pyspark-when-otherwise.py,Python,withColumn,3
/QT_Python/pyspark-orderby-groupby.py,Python,False,1
/QT_Python/pyspark-orderby-groupby.py,Python,from,2
/QT_Python/pyspark-orderby-groupby.py,Python,import,2
/QT_Python/pyspark-orderby-groupby.py,Python,SparkSession,2
/QT_Python/pyspark-orderby-groupby.py,Python,sql,2
/QT_Python/pyspark-orderby-groupby.py,Python,sum,2
/QT_Python/pyspark-orderby-groupby.py,Python,avg,1
/QT_Python/pyspark-orderby-groupby.py,Python,show,2
/QT_Python/pyspark-orderby-groupby.py,Python,agg,1
/QT_Python/pyspark-orderby-groupby.py,Python,col,1
/QT_Python/pyspark-orderby-groupby.py,Python,createDataFrame,1
/QT_Python/pyspark-orderby-groupby.py,Python,groupBy,1
/QT_Python/pyspark-orderby-groupby.py,Python,max,1
/QT_Python/pyspark-orderby-groupby.py,Python,printSchema,1
/QT_Python/pyspark-orderby-groupby.py,Python,schema,3
/QT_Python/pyspark-orderby-groupby.py,Python,sort,1
/QT_Python/pyspark-orderby-groupby.py,Python,spark,2
/QT_Python/pyspark-left-anti-join.py,Python,False,5
/QT_Python/pyspark-left-anti-join.py,Python,from,1
/QT_Python/pyspark-left-anti-join.py,Python,import,2
/QT_Python/pyspark-left-anti-join.py,Python,SparkSession,2
/QT_Python/pyspark-left-anti-join.py,Python,sql,2
/QT_Python/pyspark-left-anti-join.py,Python,show,5
/QT_Python/pyspark-left-anti-join.py,Python,join,2
/QT_Python/pyspark-left-anti-join.py,Python,createDataFrame,2
/QT_Python/pyspark-left-anti-join.py,Python,createOrReplaceTempView,2
/QT_Python/pyspark-left-anti-join.py,Python,printSchema,2
/QT_Python/pyspark-left-anti-join.py,Python,schema,2
/QT_Python/pyspark-left-anti-join.py,Python,spark,4
/QT_Python/pyspark-split-function.py,Python,False,4
/QT_Python/pyspark-split-function.py,Python,from,2
/QT_Python/pyspark-split-function.py,Python,import,3
/QT_Python/pyspark-split-function.py,Python,SparkSession,2
/QT_Python/pyspark-split-function.py,Python,sql,4
/QT_Python/pyspark-split-function.py,Python,show,7
/QT_Python/pyspark-split-function.py,Python,alias,6
/QT_Python/pyspark-split-function.py,Python,col,1
/QT_Python/pyspark-split-function.py,Python,columns,2
/QT_Python/pyspark-split-function.py,Python,createDataFrame,2
/QT_Python/pyspark-split-function.py,Python,getItem,9
/QT_Python/pyspark-split-function.py,Python,printSchema,2
/QT_Python/pyspark-split-function.py,Python,select,4
/QT_Python/pyspark-split-function.py,Python,spark,3
/QT_Python/pyspark-split-function.py,Python,split,9
/QT_Python/pyspark-split-function.py,Python,withColumn,6
/QT_Python/pyspark-fulter-null.py,Python,from,2
/QT_Python/pyspark-fulter-null.py,Python,import,2
/QT_Python/pyspark-fulter-null.py,Python,None,3
/QT_Python/pyspark-fulter-null.py,Python,SparkSession,2
/QT_Python/pyspark-fulter-null.py,Python,sql,2
/QT_Python/pyspark-fulter-null.py,Python,show,5
/QT_Python/pyspark-fulter-null.py,Python,col,2
/QT_Python/pyspark-fulter-null.py,Python,columns,2
/QT_Python/pyspark-fulter-null.py,Python,createDataFrame,1
/QT_Python/pyspark-fulter-null.py,Python,drop,1
/QT_Python/pyspark-fulter-null.py,Python,filter,3
/QT_Python/pyspark-fulter-null.py,Python,isNull,2
/QT_Python/pyspark-fulter-null.py,Python,na,1
/QT_Python/pyspark-fulter-null.py,Python,spark,2
/QT_Python/pyspark-orderby.py,Python,False,13
/QT_Python/pyspark-orderby.py,Python,from,2
/QT_Python/pyspark-orderby.py,Python,import,3
/QT_Python/pyspark-orderby.py,Python,SparkSession,2
/QT_Python/pyspark-orderby.py,Python,sql,3
/QT_Python/pyspark-orderby.py,Python,show,13
/QT_Python/pyspark-orderby.py,Python,asc,11
/QT_Python/pyspark-orderby.py,Python,col,13
/QT_Python/pyspark-orderby.py,Python,columns,2
/QT_Python/pyspark-orderby.py,Python,createDataFrame,1
/QT_Python/pyspark-orderby.py,Python,createOrReplaceTempView,1
/QT_Python/pyspark-orderby.py,Python,desc,5
/QT_Python/pyspark-orderby.py,Python,orderBy,4
/QT_Python/pyspark-orderby.py,Python,printSchema,1
/QT_Python/pyspark-orderby.py,Python,schema,1
/QT_Python/pyspark-orderby.py,Python,select,1
/QT_Python/pyspark-orderby.py,Python,sort,6
/QT_Python/pyspark-orderby.py,Python,spark,3
/QT_Python/pyspark-types.py,Python,False,2
/QT_Python/pyspark-types.py,Python,from,5
/QT_Python/pyspark-types.py,Python,import,5
/QT_Python/pyspark-types.py,Python,True,6
/QT_Python/pyspark-types.py,Python,SparkSession,2
/QT_Python/pyspark-types.py,Python,sql,5
/QT_Python/pyspark-types.py,Python,show,1
/QT_Python/pyspark-types.py,Python,createDataFrame,1
/QT_Python/pyspark-types.py,Python,printSchema,1
/QT_Python/pyspark-types.py,Python,schema,3
/QT_Python/pyspark-types.py,Python,spark,2
/QT_Python/pyspark-dataframe-flatMap.py,Python,False,1
/QT_Python/pyspark-dataframe-flatMap.py,Python,from,1
/QT_Python/pyspark-dataframe-flatMap.py,Python,import,1
/QT_Python/pyspark-dataframe-flatMap.py,Python,SparkSession,2
/QT_Python/pyspark-dataframe-flatMap.py,Python,sql,1
/QT_Python/pyspark-dataframe-flatMap.py,Python,show,1
/QT_Python/pyspark-dataframe-flatMap.py,Python,columns,2
/QT_Python/pyspark-dataframe-flatMap.py,Python,createDataFrame,1
/QT_Python/pyspark-dataframe-flatMap.py,Python,printSchema,1
/QT_Python/pyspark-dataframe-flatMap.py,Python,schema,1
/QT_Python/pyspark-dataframe-flatMap.py,Python,spark,2
/QT_Python/pyspark-column-functions.py,Python,from,4
/QT_Python/pyspark-column-functions.py,Python,import,4
/QT_Python/pyspark-column-functions.py,Python,None,4
/QT_Python/pyspark-column-functions.py,Python,True,4
/QT_Python/pyspark-column-functions.py,Python,SparkSession,2
/QT_Python/pyspark-column-functions.py,Python,sql,4
/QT_Python/pyspark-column-functions.py,Python,show,16
/QT_Python/pyspark-column-functions.py,Python,alias,5
/QT_Python/pyspark-column-functions.py,Python,asc,1
/QT_Python/pyspark-column-functions.py,Python,columns,2
/QT_Python/pyspark-column-functions.py,Python,contains,1
/QT_Python/pyspark-column-functions.py,Python,createDataFrame,2
/QT_Python/pyspark-column-functions.py,Python,desc,1
/QT_Python/pyspark-column-functions.py,Python,expr,2
/QT_Python/pyspark-column-functions.py,Python,filter,8
/QT_Python/pyspark-column-functions.py,Python,getField,2
/QT_Python/pyspark-column-functions.py,Python,getItem,2
/QT_Python/pyspark-column-functions.py,Python,isNotNull,1
/QT_Python/pyspark-column-functions.py,Python,isNull,1
/QT_Python/pyspark-column-functions.py,Python,isin,1
/QT_Python/pyspark-column-functions.py,Python,printSchema,2
/QT_Python/pyspark-column-functions.py,Python,schema,2
/QT_Python/pyspark-column-functions.py,Python,select,10
/QT_Python/pyspark-column-functions.py,Python,sort,2
/QT_Python/pyspark-column-functions.py,Python,spark,3
/QT_Python/pyspark-column-functions.py,Python,substr,1
/QT_Python/pyspark-column-functions.py,Python,when,4
/QT_Python/pyspark-repartition-2.py,Python,from,1
/QT_Python/pyspark-repartition-2.py,Python,import,1
/QT_Python/pyspark-repartition-2.py,Python,read,1
/QT_Python/pyspark-repartition-2.py,Python,True,4
/QT_Python/pyspark-repartition-2.py,Python,write,3
/QT_Python/pyspark-repartition-2.py,Python,SparkSession,2
/QT_Python/pyspark-repartition-2.py,Python,sql,1
/QT_Python/pyspark-repartition-2.py,Python,rdd,1
/QT_Python/pyspark-repartition-2.py,Python,repartition,3
/QT_Python/pyspark-repartition-2.py,Python,spark,2
/QT_Python/pyspark-add-new-column.py,Python,from,5
/QT_Python/pyspark-add-new-column.py,Python,if,1
/QT_Python/pyspark-add-new-column.py,Python,in,1
/QT_Python/pyspark-add-new-column.py,Python,import,5
/QT_Python/pyspark-add-new-column.py,Python,not,1
/QT_Python/pyspark-add-new-column.py,Python,SparkSession,2
/QT_Python/pyspark-add-new-column.py,Python,sql,9
/QT_Python/pyspark-add-new-column.py,Python,concat_ws,2
/QT_Python/pyspark-add-new-column.py,Python,show,13
/QT_Python/pyspark-add-new-column.py,Python,alias,3
/QT_Python/pyspark-add-new-column.py,Python,columns,3
/QT_Python/pyspark-add-new-column.py,Python,createDataFrame,1
/QT_Python/pyspark-add-new-column.py,Python,createOrReplaceTempView,1
/QT_Python/pyspark-add-new-column.py,Python,current_date,3
/QT_Python/pyspark-add-new-column.py,Python,lit,7
/QT_Python/pyspark-add-new-column.py,Python,schema,1
/QT_Python/pyspark-add-new-column.py,Python,select,3
/QT_Python/pyspark-add-new-column.py,Python,spark,6
/QT_Python/pyspark-add-new-column.py,Python,when,3
/QT_Python/pyspark-add-new-column.py,Python,withColumn,5
/QT_Python/pyspark-python-dataframe.py,Python,False,2
/QT_Python/pyspark-python-dataframe.py,Python,from,2
/QT_Python/pyspark-python-dataframe.py,Python,import,3
/QT_Python/pyspark-python-dataframe.py,Python,True,6
/QT_Python/pyspark-python-dataframe.py,Python,SparkSession,2
/QT_Python/pyspark-python-dataframe.py,Python,sql,2
/QT_Python/pyspark-python-dataframe.py,Python,show,2
/QT_Python/pyspark-python-dataframe.py,Python,columns,2
/QT_Python/pyspark-python-dataframe.py,Python,createDataFrame,2
/QT_Python/pyspark-python-dataframe.py,Python,printSchema,2
/QT_Python/pyspark-python-dataframe.py,Python,schema,2
/QT_Python/pyspark-python-dataframe.py,Python,spark,3
/QT_Python/pyspark-struct-to-map.py,Python,False,2
/QT_Python/pyspark-struct-to-map.py,Python,from,3
/QT_Python/pyspark-struct-to-map.py,Python,import,3
/QT_Python/pyspark-struct-to-map.py,Python,True,4
/QT_Python/pyspark-struct-to-map.py,Python,SparkSession,2
/QT_Python/pyspark-struct-to-map.py,Python,sql,3
/QT_Python/pyspark-struct-to-map.py,Python,show,2
/QT_Python/pyspark-struct-to-map.py,Python,col,3
/QT_Python/pyspark-struct-to-map.py,Python,createDataFrame,1
/QT_Python/pyspark-struct-to-map.py,Python,drop,1
/QT_Python/pyspark-struct-to-map.py,Python,lit,3
/QT_Python/pyspark-struct-to-map.py,Python,printSchema,2
/QT_Python/pyspark-struct-to-map.py,Python,schema,3
/QT_Python/pyspark-struct-to-map.py,Python,spark,2
/QT_Python/pyspark-struct-to-map.py,Python,withColumn,1
/QT_Python/pyspark-select-columns.py,Python,False,5
/QT_Python/pyspark-select-columns.py,Python,from,3
/QT_Python/pyspark-select-columns.py,Python,for,1
/QT_Python/pyspark-select-columns.py,Python,in,1
/QT_Python/pyspark-select-columns.py,Python,import,4
/QT_Python/pyspark-select-columns.py,Python,None,1
/QT_Python/pyspark-select-columns.py,Python,True,5
/QT_Python/pyspark-select-columns.py,Python,SparkSession,2
/QT_Python/pyspark-select-columns.py,Python,sql,3
/QT_Python/pyspark-select-columns.py,Python,show,15
/QT_Python/pyspark-select-columns.py,Python,alias,1
/QT_Python/pyspark-select-columns.py,Python,col,5
/QT_Python/pyspark-select-columns.py,Python,colRegex,1
/QT_Python/pyspark-select-columns.py,Python,columns,6
/QT_Python/pyspark-select-columns.py,Python,createDataFrame,2
/QT_Python/pyspark-select-columns.py,Python,printSchema,1
/QT_Python/pyspark-select-columns.py,Python,schema,4
/QT_Python/pyspark-select-columns.py,Python,select,13
/QT_Python/pyspark-select-columns.py,Python,spark,3
/QT_Python/pyspark-rdd-actions.py,Python,from,2
/QT_Python/pyspark-rdd-actions.py,Python,import,2
/QT_Python/pyspark-rdd-actions.py,Python,lambda,5
/QT_Python/pyspark-rdd-actions.py,Python,SparkSession,2
/QT_Python/pyspark-rdd-actions.py,Python,sql,1
/QT_Python/pyspark-rdd-actions.py,Python,count,1
/QT_Python/pyspark-rdd-actions.py,Python,collect,1
/QT_Python/pyspark-rdd-actions.py,Python,agg,2
/QT_Python/pyspark-rdd-actions.py,Python,aggregate,2
/QT_Python/pyspark-rdd-actions.py,Python,first,2
/QT_Python/pyspark-rdd-actions.py,Python,max,2
/QT_Python/pyspark-rdd-actions.py,Python,min,2
/QT_Python/pyspark-rdd-actions.py,Python,reduce,1
/QT_Python/pyspark-rdd-actions.py,Python,spark,3
/QT_Python/pyspark-rdd-actions.py,Python,sparkContext,2
/QT_Python/pyspark-rdd-actions.py,Python,take,1
/QT_Python/pyspark-filter2.py,Python,from,1
/QT_Python/pyspark-filter2.py,Python,import,2
/QT_Python/pyspark-filter2.py,Python,SparkSession,2
/QT_Python/pyspark-filter2.py,Python,sql,1
/QT_Python/pyspark-filter2.py,Python,show,2
/QT_Python/pyspark-filter2.py,Python,createDataFrame,1
/QT_Python/pyspark-filter2.py,Python,filter,2
/QT_Python/pyspark-filter2.py,Python,rlike,1
/QT_Python/pyspark-filter2.py,Python,schema,1
/QT_Python/pyspark-filter2.py,Python,spark,2
/QT_Python/pyspark-join-two-dataframes.py,Python,from,1
/QT_Python/pyspark-join-two-dataframes.py,Python,import,1
/QT_Python/pyspark-join-two-dataframes.py,Python,SparkSession,2
/QT_Python/pyspark-join-two-dataframes.py,Python,sql,2
/QT_Python/pyspark-join-two-dataframes.py,Python,show,9
/QT_Python/pyspark-join-two-dataframes.py,Python,join,7
/QT_Python/pyspark-join-two-dataframes.py,Python,createDataFrame,5
/QT_Python/pyspark-join-two-dataframes.py,Python,createOrReplaceTempView,3
/QT_Python/pyspark-join-two-dataframes.py,Python,spark,7
/QT_Python/pyspark-join-two-dataframes.py,Python,where,2
/QT_Python/pyspark-unix-time.py,Python,False,3
/QT_Python/pyspark-unix-time.py,Python,from,2
/QT_Python/pyspark-unix-time.py,Python,import,2
/QT_Python/pyspark-unix-time.py,Python,SparkSession,2
/QT_Python/pyspark-unix-time.py,Python,sql,2
/QT_Python/pyspark-unix-time.py,Python,show,3
/QT_Python/pyspark-unix-time.py,Python,alias,8
/QT_Python/pyspark-unix-time.py,Python,col,7
/QT_Python/pyspark-unix-time.py,Python,columns,2
/QT_Python/pyspark-unix-time.py,Python,createDataFrame,1
/QT_Python/pyspark-unix-time.py,Python,from_unixtime,4
/QT_Python/pyspark-unix-time.py,Python,printSchema,3
/QT_Python/pyspark-unix-time.py,Python,schema,1
/QT_Python/pyspark-unix-time.py,Python,select,2
/QT_Python/pyspark-unix-time.py,Python,spark,2
/QT_Python/pyspark-unix-time.py,Python,unix_timestamp,4
/QT_Python/timediff.py,Python,from,4
/QT_Python/timediff.py,Python,import,5
/QT_Python/timediff.py,Python,True,1
/QT_Python/timediff.py,Python,SparkSession,2
/QT_Python/timediff.py,Python,sql,4
/QT_Python/timediff.py,Python,show,1
/QT_Python/timediff.py,Python,alias,1
/QT_Python/timediff.py,Python,col,6
/QT_Python/timediff.py,Python,createDataFrame,1
/QT_Python/timediff.py,Python,current_timestamp,3
/QT_Python/timediff.py,Python,round,3
/QT_Python/timediff.py,Python,schema,3
/QT_Python/timediff.py,Python,spark,2
/QT_Python/timediff.py,Python,to_timestamp,2
/QT_Python/timediff.py,Python,withColumn,6
/QT_Python/pyspark-show-top-n-rows.py,Python,from,1
/QT_Python/pyspark-show-top-n-rows.py,Python,import,2
/QT_Python/pyspark-show-top-n-rows.py,Python,SparkSession,2
/QT_Python/pyspark-show-top-n-rows.py,Python,sql,1
/QT_Python/pyspark-show-top-n-rows.py,Python,show,1
/QT_Python/pyspark-show-top-n-rows.py,Python,collect,1
/QT_Python/pyspark-show-top-n-rows.py,Python,columns,2
/QT_Python/pyspark-show-top-n-rows.py,Python,createDataFrame,1
/QT_Python/pyspark-show-top-n-rows.py,Python,first,1
/QT_Python/pyspark-show-top-n-rows.py,Python,head,1
/QT_Python/pyspark-show-top-n-rows.py,Python,limit,1
/QT_Python/pyspark-show-top-n-rows.py,Python,schema,1
/QT_Python/pyspark-show-top-n-rows.py,Python,spark,2
/QT_Python/pyspark-show-top-n-rows.py,Python,tail,1
/QT_Python/pyspark-show-top-n-rows.py,Python,take,1
/QT_Python/pyspark-expr.py,Python,from,2
/QT_Python/pyspark-expr.py,Python,import,2
/QT_Python/pyspark-expr.py,Python,SparkSession,2
/QT_Python/pyspark-expr.py,Python,sql,2
/QT_Python/pyspark-expr.py,Python,show,6
/QT_Python/pyspark-expr.py,Python,alias,1
/QT_Python/pyspark-expr.py,Python,columns,2
/QT_Python/pyspark-expr.py,Python,createDataFrame,4
/QT_Python/pyspark-expr.py,Python,expr,8
/QT_Python/pyspark-expr.py,Python,filter,1
/QT_Python/pyspark-expr.py,Python,printSchema,1
/QT_Python/pyspark-expr.py,Python,schema,1
/QT_Python/pyspark-expr.py,Python,select,4
/QT_Python/pyspark-expr.py,Python,spark,5
/QT_Python/pyspark-expr.py,Python,toDF,3
/QT_Python/pyspark-expr.py,Python,withColumn,2
/QT_Python/pyspark-collect.py,Python,False,1
/QT_Python/pyspark-collect.py,Python,from,1
/QT_Python/pyspark-collect.py,Python,for,1
/QT_Python/pyspark-collect.py,Python,in,1
/QT_Python/pyspark-collect.py,Python,import,2
/QT_Python/pyspark-collect.py,Python,SparkSession,2
/QT_Python/pyspark-collect.py,Python,sql,1
/QT_Python/pyspark-collect.py,Python,show,1
/QT_Python/pyspark-collect.py,Python,collect,2
/QT_Python/pyspark-collect.py,Python,createDataFrame,1
/QT_Python/pyspark-collect.py,Python,printSchema,1
/QT_Python/pyspark-collect.py,Python,schema,1
/QT_Python/pyspark-collect.py,Python,select,1
/QT_Python/pyspark-collect.py,Python,spark,2
/QT_Python/pyspark-udf.py,Python,def,2
/QT_Python/pyspark-udf.py,Python,else,1
/QT_Python/pyspark-udf.py,Python,False,8
/QT_Python/pyspark-udf.py,Python,from,3
/QT_Python/pyspark-udf.py,Python,for,1
/QT_Python/pyspark-udf.py,Python,if,1
/QT_Python/pyspark-udf.py,Python,is,1
/QT_Python/pyspark-udf.py,Python,in,1
/QT_Python/pyspark-udf.py,Python,import,4
/QT_Python/pyspark-udf.py,Python,lambda,3
/QT_Python/pyspark-udf.py,Python,None,2
/QT_Python/pyspark-udf.py,Python,not,1
/QT_Python/pyspark-udf.py,Python,return,2
/QT_Python/pyspark-udf.py,Python,SparkSession,2
/QT_Python/pyspark-udf.py,Python,udf,5
/QT_Python/pyspark-udf.py,Python,sql,7
/QT_Python/pyspark-udf.py,Python,show,8
/QT_Python/pyspark-udf.py,Python,alias,1
/QT_Python/pyspark-udf.py,Python,col,4
/QT_Python/pyspark-udf.py,Python,columns,4
/QT_Python/pyspark-udf.py,Python,createDataFrame,2
/QT_Python/pyspark-udf.py,Python,createOrReplaceTempView,2
/QT_Python/pyspark-udf.py,Python,schema,2
/QT_Python/pyspark-udf.py,Python,select,1
/QT_Python/pyspark-udf.py,Python,spark,9
/QT_Python/pyspark-udf.py,Python,split,1
/QT_Python/pyspark-udf.py,Python,upper,2
/QT_Python/pyspark-udf.py,Python,withColumn,1
/QT_Python/pyspark-row.py,Python,from,1
/QT_Python/pyspark-row.py,Python,for,4
/QT_Python/pyspark-row.py,Python,in,4
/QT_Python/pyspark-row.py,Python,import,1
/QT_Python/pyspark-row.py,Python,SparkSession,2
/QT_Python/pyspark-row.py,Python,sql,1
/QT_Python/pyspark-row.py,Python,show,1
/QT_Python/pyspark-row.py,Python,collect,4
/QT_Python/pyspark-row.py,Python,columns,3
/QT_Python/pyspark-row.py,Python,createDataFrame,2
/QT_Python/pyspark-row.py,Python,printSchema,2
/QT_Python/pyspark-row.py,Python,rdd,4
/QT_Python/pyspark-row.py,Python,spark,6
/QT_Python/pyspark-row.py,Python,sparkContext,3
/QT_Python/pyspark-row.py,Python,toDF,1
/QT_Python/pyspark-rdd-map.py,Python,def,1
/QT_Python/pyspark-rdd-map.py,Python,from,1
/QT_Python/pyspark-rdd-map.py,Python,for,1
/QT_Python/pyspark-rdd-map.py,Python,in,1
/QT_Python/pyspark-rdd-map.py,Python,import,1
/QT_Python/pyspark-rdd-map.py,Python,lambda,5
/QT_Python/pyspark-rdd-map.py,Python,return,1
/QT_Python/pyspark-rdd-map.py,Python,SparkSession,2
/QT_Python/pyspark-rdd-map.py,Python,sql,1
/QT_Python/pyspark-rdd-map.py,Python,show,4
/QT_Python/pyspark-rdd-map.py,Python,collect,1
/QT_Python/pyspark-rdd-map.py,Python,columns,2
/QT_Python/pyspark-rdd-map.py,Python,createDataFrame,1
/QT_Python/pyspark-rdd-map.py,Python,lower,1
/QT_Python/pyspark-rdd-map.py,Python,map,6
/QT_Python/pyspark-rdd-map.py,Python,rdd,7
/QT_Python/pyspark-rdd-map.py,Python,schema,1
/QT_Python/pyspark-rdd-map.py,Python,spark,3
/QT_Python/pyspark-rdd-map.py,Python,sparkContext,1
/QT_Python/pyspark-rdd-map.py,Python,toDF,3
/QT_Python/pyspark-filter.py,Python,False,10
/QT_Python/pyspark-filter.py,Python,from,3
/QT_Python/pyspark-filter.py,Python,import,4
/QT_Python/pyspark-filter.py,Python,True,6
/QT_Python/pyspark-filter.py,Python,SparkSession,2
/QT_Python/pyspark-filter.py,Python,sql,3
/QT_Python/pyspark-filter.py,Python,show,15
/QT_Python/pyspark-filter.py,Python,array_contains,2
/QT_Python/pyspark-filter.py,Python,col,2
/QT_Python/pyspark-filter.py,Python,createDataFrame,1
/QT_Python/pyspark-filter.py,Python,filter,14
/QT_Python/pyspark-filter.py,Python,isin,2
/QT_Python/pyspark-filter.py,Python,printSchema,1
/QT_Python/pyspark-filter.py,Python,schema,1
/QT_Python/pyspark-filter.py,Python,spark,2
/QT_Python/pyspark-join.py,Python,False,15
/QT_Python/pyspark-join.py,Python,from,2
/QT_Python/pyspark-join.py,Python,import,3
/QT_Python/pyspark-join.py,Python,SparkSession,2
/QT_Python/pyspark-join.py,Python,sql,4
/QT_Python/pyspark-join.py,Python,show,15
/QT_Python/pyspark-join.py,Python,join,11
/QT_Python/pyspark-join.py,Python,alias,4
/QT_Python/pyspark-join.py,Python,col,7
/QT_Python/pyspark-join.py,Python,createDataFrame,2
/QT_Python/pyspark-join.py,Python,createOrReplaceTempView,2
/QT_Python/pyspark-join.py,Python,printSchema,2
/QT_Python/pyspark-join.py,Python,schema,2
/QT_Python/pyspark-join.py,Python,select,1
/QT_Python/pyspark-join.py,Python,spark,5
/QT_Python/pyspark-rdd-broadcast.py,Python,def,1
/QT_Python/pyspark-rdd-broadcast.py,Python,from,1
/QT_Python/pyspark-rdd-broadcast.py,Python,import,2
/QT_Python/pyspark-rdd-broadcast.py,Python,lambda,1
/QT_Python/pyspark-rdd-broadcast.py,Python,return,1
/QT_Python/pyspark-rdd-broadcast.py,Python,SparkSession,2
/QT_Python/pyspark-rdd-broadcast.py,Python,sql,1
/QT_Python/pyspark-rdd-broadcast.py,Python,collect,1
/QT_Python/pyspark-rdd-broadcast.py,Python,broadcast,1
/QT_Python/pyspark-rdd-broadcast.py,Python,map,1
/QT_Python/pyspark-rdd-broadcast.py,Python,rdd,2
/QT_Python/pyspark-rdd-broadcast.py,Python,spark,3
/QT_Python/pyspark-rdd-broadcast.py,Python,sparkContext,2
/QT_Python/pyspark-sql-case-when.py,Python,from,3
/QT_Python/pyspark-sql-case-when.py,Python,import,3
/QT_Python/pyspark-sql-case-when.py,Python,None,2
/QT_Python/pyspark-sql-case-when.py,Python,SparkSession,2
/QT_Python/pyspark-sql-case-when.py,Python,sql,4
/QT_Python/pyspark-sql-case-when.py,Python,show,5
/QT_Python/pyspark-sql-case-when.py,Python,alias,2
/QT_Python/pyspark-sql-case-when.py,Python,col,3
/QT_Python/pyspark-sql-case-when.py,Python,columns,2
/QT_Python/pyspark-sql-case-when.py,Python,createDataFrame,1
/QT_Python/pyspark-sql-case-when.py,Python,createOrReplaceTempView,1
/QT_Python/pyspark-sql-case-when.py,Python,expr,3
/QT_Python/pyspark-sql-case-when.py,Python,isNull,3
/QT_Python/pyspark-sql-case-when.py,Python,schema,1
/QT_Python/pyspark-sql-case-when.py,Python,select,2
/QT_Python/pyspark-sql-case-when.py,Python,spark,3
/QT_Python/pyspark-sql-case-when.py,Python,when,10
/QT_Python/pyspark-sql-case-when.py,Python,withColumn,3
/QT_Python/pyspark-dataframe.py,Python,from,3
/QT_Python/pyspark-dataframe.py,Python,import,4
/QT_Python/pyspark-dataframe.py,Python,SparkSession,2
/QT_Python/pyspark-dataframe.py,Python,sql,3
/QT_Python/pyspark-dataframe.py,Python,col,1
/QT_Python/pyspark-dataframe.py,Python,lit,1
/QT_Python/pyspark-dataframe.py,Python,spark,2
/QT_Python/currentdate.py,Python,from,4
/QT_Python/currentdate.py,Python,import,5
/QT_Python/currentdate.py,Python,True,1
/QT_Python/currentdate.py,Python,SparkSession,2
/QT_Python/currentdate.py,Python,sql,4
/QT_Python/currentdate.py,Python,show,1
/QT_Python/currentdate.py,Python,col,1
/QT_Python/currentdate.py,Python,createDataFrame,1
/QT_Python/currentdate.py,Python,current_timestamp,1
/QT_Python/currentdate.py,Python,schema,3
/QT_Python/currentdate.py,Python,spark,2
/QT_Python/currentdate.py,Python,to_timestamp,1
/QT_Python/pyspark-maptype-dataframe-column.py,Python,False,1
/QT_Python/pyspark-maptype-dataframe-column.py,Python,from,5
/QT_Python/pyspark-maptype-dataframe-column.py,Python,import,5
/QT_Python/pyspark-maptype-dataframe-column.py,Python,lambda,1
/QT_Python/pyspark-maptype-dataframe-column.py,Python,None,1
/QT_Python/pyspark-maptype-dataframe-column.py,Python,True,2
/QT_Python/pyspark-maptype-dataframe-column.py,Python,SparkSession,2
/QT_Python/pyspark-maptype-dataframe-column.py,Python,sql,5
/QT_Python/pyspark-maptype-dataframe-column.py,Python,show,7
/QT_Python/pyspark-maptype-dataframe-column.py,Python,explode,2
/QT_Python/pyspark-maptype-dataframe-column.py,Python,createDataFrame,1
/QT_Python/pyspark-maptype-dataframe-column.py,Python,drop,2
/QT_Python/pyspark-maptype-dataframe-column.py,Python,getItem,2
/QT_Python/pyspark-maptype-dataframe-column.py,Python,map,1
/QT_Python/pyspark-maptype-dataframe-column.py,Python,map_keys,2
/QT_Python/pyspark-maptype-dataframe-column.py,Python,map_values,2
/QT_Python/pyspark-maptype-dataframe-column.py,Python,printSchema,2
/QT_Python/pyspark-maptype-dataframe-column.py,Python,rdd,1
/QT_Python/pyspark-maptype-dataframe-column.py,Python,schema,3
/QT_Python/pyspark-maptype-dataframe-column.py,Python,select,3
/QT_Python/pyspark-maptype-dataframe-column.py,Python,spark,2
/QT_Python/pyspark-maptype-dataframe-column.py,Python,toDF,1
/QT_Python/pyspark-maptype-dataframe-column.py,Python,withColumn,4
/QT_Python/pyspark-structtype.py,Python,False,3
/QT_Python/pyspark-structtype.py,Python,from,3
/QT_Python/pyspark-structtype.py,Python,import,4
/QT_Python/pyspark-structtype.py,Python,True,17
/QT_Python/pyspark-structtype.py,Python,SparkSession,2
/QT_Python/pyspark-structtype.py,Python,sql,3
/QT_Python/pyspark-structtype.py,Python,show,3
/QT_Python/pyspark-structtype.py,Python,alias,4
/QT_Python/pyspark-structtype.py,Python,col,6
/QT_Python/pyspark-structtype.py,Python,createDataFrame,2
/QT_Python/pyspark-structtype.py,Python,drop,1
/QT_Python/pyspark-structtype.py,Python,printSchema,3
/QT_Python/pyspark-structtype.py,Python,schema,4
/QT_Python/pyspark-structtype.py,Python,spark,3
/QT_Python/pyspark-structtype.py,Python,struct,2
/QT_Python/pyspark-structtype.py,Python,when,3
/QT_Python/pyspark-structtype.py,Python,withColumn,1
/QT_Python/spark-repartition-2.py,Python,from,1
/QT_Python/spark-repartition-2.py,Python,import,1
/QT_Python/spark-repartition-2.py,Python,read,1
/QT_Python/spark-repartition-2.py,Python,True,4
/QT_Python/spark-repartition-2.py,Python,write,3
/QT_Python/spark-repartition-2.py,Python,SparkSession,2
/QT_Python/spark-repartition-2.py,Python,sql,1
/QT_Python/spark-repartition-2.py,Python,rdd,1
/QT_Python/spark-repartition-2.py,Python,repartition,3
/QT_Python/spark-repartition-2.py,Python,spark,2
/QT_Python/pyspark-union.py,Python,False,5
/QT_Python/pyspark-union.py,Python,from,1
/QT_Python/pyspark-union.py,Python,import,2
/QT_Python/pyspark-union.py,Python,SparkSession,2
/QT_Python/pyspark-union.py,Python,sql,1
/QT_Python/pyspark-union.py,Python,show,5
/QT_Python/pyspark-union.py,Python,columns,2
/QT_Python/pyspark-union.py,Python,createDataFrame,2
/QT_Python/pyspark-union.py,Python,distinct,1
/QT_Python/pyspark-union.py,Python,printSchema,2
/QT_Python/pyspark-union.py,Python,schema,2
/QT_Python/pyspark-union.py,Python,spark,3
/QT_Python/pyspark-union.py,Python,union,2
/QT_Python/pyspark-union.py,Python,unionAll,1
/QT_Python/pyspark-range-partition.py,Python,from,1
/QT_Python/pyspark-range-partition.py,Python,import,1
/QT_Python/pyspark-range-partition.py,Python,True,5
/QT_Python/pyspark-range-partition.py,Python,write,2
/QT_Python/pyspark-range-partition.py,Python,SparkSession,2
/QT_Python/pyspark-range-partition.py,Python,sql,1
/QT_Python/pyspark-range-partition.py,Python,createDataFrame,1
/QT_Python/pyspark-range-partition.py,Python,explain,3
/QT_Python/pyspark-range-partition.py,Python,repartition,2
/QT_Python/pyspark-range-partition.py,Python,repartitionByRange,3
/QT_Python/pyspark-range-partition.py,Python,spark,2
/QT_Python/pyspark-string-timestamp.py,Python,False,3
/QT_Python/pyspark-string-timestamp.py,Python,from,2
/QT_Python/pyspark-string-timestamp.py,Python,import,2
/QT_Python/pyspark-string-timestamp.py,Python,SparkSession,2
/QT_Python/pyspark-string-timestamp.py,Python,sql,5
/QT_Python/pyspark-string-timestamp.py,Python,show,3
/QT_Python/pyspark-string-timestamp.py,Python,createDataFrame,1
/QT_Python/pyspark-string-timestamp.py,Python,lit,1
/QT_Python/pyspark-string-timestamp.py,Python,printSchema,1
/QT_Python/pyspark-string-timestamp.py,Python,schema,1
/QT_Python/pyspark-string-timestamp.py,Python,select,1
/QT_Python/pyspark-string-timestamp.py,Python,spark,5
/QT_Python/pyspark-string-timestamp.py,Python,to_timestamp,3
/QT_Python/pyspark-string-timestamp.py,Python,withColumn,2
/QT_Python/pyspark-aggregate.py,Python,False,15
/QT_Python/pyspark-aggregate.py,Python,from,6
/QT_Python/pyspark-aggregate.py,Python,import,7
/QT_Python/pyspark-aggregate.py,Python,SparkSession,2
/QT_Python/pyspark-aggregate.py,Python,sql,6
/QT_Python/pyspark-aggregate.py,Python,sum,2
/QT_Python/pyspark-aggregate.py,Python,avg,2
/QT_Python/pyspark-aggregate.py,Python,show,15
/QT_Python/pyspark-aggregate.py,Python,count,2
/QT_Python/pyspark-aggregate.py,Python,collect,4
/QT_Python/pyspark-aggregate.py,Python,approx_count_distinct,2
/QT_Python/pyspark-aggregate.py,Python,collect_list,2
/QT_Python/pyspark-aggregate.py,Python,collect_set,2
/QT_Python/pyspark-aggregate.py,Python,countDistinct,2
/QT_Python/pyspark-aggregate.py,Python,createDataFrame,1
/QT_Python/pyspark-aggregate.py,Python,first,2
/QT_Python/pyspark-aggregate.py,Python,kurtosis,2
/QT_Python/pyspark-aggregate.py,Python,last,2
/QT_Python/pyspark-aggregate.py,Python,max,2
/QT_Python/pyspark-aggregate.py,Python,mean,2
/QT_Python/pyspark-aggregate.py,Python,min,2
/QT_Python/pyspark-aggregate.py,Python,printSchema,1
/QT_Python/pyspark-aggregate.py,Python,schema,3
/QT_Python/pyspark-aggregate.py,Python,select,17
/QT_Python/pyspark-aggregate.py,Python,skewness,2
/QT_Python/pyspark-aggregate.py,Python,spark,2
/QT_Python/pyspark-aggregate.py,Python,stddev,2
/QT_Python/pyspark-aggregate.py,Python,stddev_pop,2
/QT_Python/pyspark-aggregate.py,Python,stddev_samp,2
/QT_Python/pyspark-aggregate.py,Python,sumDistinct,2
/QT_Python/pyspark-aggregate.py,Python,var_pop,2
/QT_Python/pyspark-aggregate.py,Python,var_samp,2
/QT_Python/pyspark-aggregate.py,Python,variance,2
/QT_Python/pyspark-read-csv.py,Python,from,4
/QT_Python/pyspark-read-csv.py,Python,import,5
/QT_Python/pyspark-read-csv.py,Python,read,4
/QT_Python/pyspark-read-csv.py,Python,True,23
/QT_Python/pyspark-read-csv.py,Python,write,1
/QT_Python/pyspark-read-csv.py,Python,SparkSession,2
/QT_Python/pyspark-read-csv.py,Python,sql,4
/QT_Python/pyspark-read-csv.py,Python,array_contains,1
/QT_Python/pyspark-read-csv.py,Python,col,1
/QT_Python/pyspark-read-csv.py,Python,printSchema,4
/QT_Python/pyspark-read-csv.py,Python,schema,3
/QT_Python/pyspark-read-csv.py,Python,spark,5
/QT_Python/schema.py,Python,False,1
/QT_Python/schema.py,Python,from,4
/QT_Python/schema.py,Python,import,5
/QT_Python/schema.py,Python,True,3
/QT_Python/schema.py,Python,SparkSession,2
/QT_Python/schema.py,Python,sql,4
/QT_Python/schema.py,Python,show,1
/QT_Python/schema.py,Python,col,1
/QT_Python/schema.py,Python,createDataFrame,1
/QT_Python/schema.py,Python,schema,3
/QT_Python/schema.py,Python,spark,2
/QT_Python/schema.py,Python,to_timestamp,1
/QT_Python/pandas-pyspark-dataframe.py,Python,as,1
/QT_Python/pandas-pyspark-dataframe.py,Python,from,2
/QT_Python/pandas-pyspark-dataframe.py,Python,import,3
/QT_Python/pandas-pyspark-dataframe.py,Python,True,2
/QT_Python/pandas-pyspark-dataframe.py,Python,SparkSession,2
/QT_Python/pandas-pyspark-dataframe.py,Python,sql,2
/QT_Python/pandas-pyspark-dataframe.py,Python,show,2
/QT_Python/pandas-pyspark-dataframe.py,Python,columns,1
/QT_Python/pandas-pyspark-dataframe.py,Python,conf,4
/QT_Python/pandas-pyspark-dataframe.py,Python,createDataFrame,2
/QT_Python/pandas-pyspark-dataframe.py,Python,printSchema,2
/QT_Python/pandas-pyspark-dataframe.py,Python,schema,1
/QT_Python/pandas-pyspark-dataframe.py,Python,select,1
/QT_Python/pandas-pyspark-dataframe.py,Python,spark,7
/QT_Python/pyspark-add-month.py,Python,from,2
/QT_Python/pyspark-add-month.py,Python,import,2
/QT_Python/pyspark-add-month.py,Python,SparkSession,2
/QT_Python/pyspark-add-month.py,Python,sql,2
/QT_Python/pyspark-add-month.py,Python,show,1
/QT_Python/pyspark-add-month.py,Python,alias,1
/QT_Python/pyspark-add-month.py,Python,col,3
/QT_Python/pyspark-add-month.py,Python,createDataFrame,1
/QT_Python/pyspark-add-month.py,Python,expr,2
/QT_Python/pyspark-add-month.py,Python,select,1
/QT_Python/pyspark-add-month.py,Python,spark,2
/QT_Python/pyspark-add-month.py,Python,toDF,1
/QT_Python/pyspark-create-dataframe.py,Python,from,3
/QT_Python/pyspark-create-dataframe.py,Python,import,4
/QT_Python/pyspark-create-dataframe.py,Python,lambda,1
/QT_Python/pyspark-create-dataframe.py,Python,SparkSession,2
/QT_Python/pyspark-create-dataframe.py,Python,sql,3
/QT_Python/pyspark-create-dataframe.py,Python,columns,5
/QT_Python/pyspark-create-dataframe.py,Python,createDataFrame,3
/QT_Python/pyspark-create-dataframe.py,Python,map,1
/QT_Python/pyspark-create-dataframe.py,Python,printSchema,5
/QT_Python/pyspark-create-dataframe.py,Python,rdd,4
/QT_Python/pyspark-create-dataframe.py,Python,spark,5
/QT_Python/pyspark-create-dataframe.py,Python,sparkContext,1
/QT_Python/pyspark-create-dataframe.py,Python,toDF,4
/QT_Python/pyspark-create-dataframe-dictionary.py,Python,False,2
/QT_Python/pyspark-create-dataframe-dictionary.py,Python,from,3
/QT_Python/pyspark-create-dataframe-dictionary.py,Python,import,3
/QT_Python/pyspark-create-dataframe-dictionary.py,Python,lambda,3
/QT_Python/pyspark-create-dataframe-dictionary.py,Python,None,1
/QT_Python/pyspark-create-dataframe-dictionary.py,Python,True,2
/QT_Python/pyspark-create-dataframe-dictionary.py,Python,SparkSession,2
/QT_Python/pyspark-create-dataframe-dictionary.py,Python,sql,3
/QT_Python/pyspark-create-dataframe-dictionary.py,Python,show,6
/QT_Python/pyspark-create-dataframe-dictionary.py,Python,collect,1
/QT_Python/pyspark-create-dataframe-dictionary.py,Python,explode,2
/QT_Python/pyspark-create-dataframe-dictionary.py,Python,alias,1
/QT_Python/pyspark-create-dataframe-dictionary.py,Python,col,2
/QT_Python/pyspark-create-dataframe-dictionary.py,Python,createDataFrame,2
/QT_Python/pyspark-create-dataframe-dictionary.py,Python,distinct,1
/QT_Python/pyspark-create-dataframe-dictionary.py,Python,drop,2
/QT_Python/pyspark-create-dataframe-dictionary.py,Python,getItem,3
/QT_Python/pyspark-create-dataframe-dictionary.py,Python,map,3
/QT_Python/pyspark-create-dataframe-dictionary.py,Python,map_keys,2
/QT_Python/pyspark-create-dataframe-dictionary.py,Python,printSchema,3
/QT_Python/pyspark-create-dataframe-dictionary.py,Python,rdd,2
/QT_Python/pyspark-create-dataframe-dictionary.py,Python,schema,4
/QT_Python/pyspark-create-dataframe-dictionary.py,Python,select,2
/QT_Python/pyspark-create-dataframe-dictionary.py,Python,spark,3
/QT_Python/pyspark-create-dataframe-dictionary.py,Python,toDF,1
/QT_Python/pyspark-create-dataframe-dictionary.py,Python,withColumn,4
/QT_Python/pyspark-datediff.py,Python,from,2
/QT_Python/pyspark-datediff.py,Python,import,2
/QT_Python/pyspark-datediff.py,Python,SparkSession,2
/QT_Python/pyspark-datediff.py,Python,sql,3
/QT_Python/pyspark-datediff.py,Python,show,3
/QT_Python/pyspark-datediff.py,Python,alias,4
/QT_Python/pyspark-datediff.py,Python,col,8
/QT_Python/pyspark-datediff.py,Python,createDataFrame,2
/QT_Python/pyspark-datediff.py,Python,current_date,8
/QT_Python/pyspark-datediff.py,Python,datediff,2
/QT_Python/pyspark-datediff.py,Python,lit,2
/QT_Python/pyspark-datediff.py,Python,months_between,4
/QT_Python/pyspark-datediff.py,Python,round,2
/QT_Python/pyspark-datediff.py,Python,schema,2
/QT_Python/pyspark-datediff.py,Python,select,2
/QT_Python/pyspark-datediff.py,Python,spark,4
/QT_Python/pyspark-datediff.py,Python,to_date,1
/QT_Python/pyspark-datediff.py,Python,withColumn,5
/QT_Python/pyspark-parallelize.py,Python,from,1
/QT_Python/pyspark-parallelize.py,Python,import,2
/QT_Python/pyspark-parallelize.py,Python,SparkSession,2
/QT_Python/pyspark-parallelize.py,Python,sql,1
/QT_Python/pyspark-parallelize.py,Python,collect,1
/QT_Python/pyspark-parallelize.py,Python,first,1
/QT_Python/pyspark-parallelize.py,Python,isEmpty,1
/QT_Python/pyspark-parallelize.py,Python,rdd,5
/QT_Python/pyspark-parallelize.py,Python,spark,4
/QT_Python/pyspark-parallelize.py,Python,sparkContext,3
/QT_Python/pyspark-current-date-timestamp.py,Python,False,4
/QT_Python/pyspark-current-date-timestamp.py,Python,from,2
/QT_Python/pyspark-current-date-timestamp.py,Python,import,2
/QT_Python/pyspark-current-date-timestamp.py,Python,SparkSession,2
/QT_Python/pyspark-current-date-timestamp.py,Python,sql,4
/QT_Python/pyspark-current-date-timestamp.py,Python,show,4
/QT_Python/pyspark-current-date-timestamp.py,Python,createDataFrame,1
/QT_Python/pyspark-current-date-timestamp.py,Python,current_date,2
/QT_Python/pyspark-current-date-timestamp.py,Python,current_timestamp,2
/QT_Python/pyspark-current-date-timestamp.py,Python,date_format,1
/QT_Python/pyspark-current-date-timestamp.py,Python,spark,4
/QT_Python/pyspark-current-date-timestamp.py,Python,to_timestamp,1
/QT_Python/pyspark-current-date-timestamp.py,Python,withColumn,4
/QT_Python/pyspark-date-string.py,Python,from,2
/QT_Python/pyspark-date-string.py,Python,import,2
/QT_Python/pyspark-date-string.py,Python,SparkSession,2
/QT_Python/pyspark-date-string.py,Python,sql,3
/QT_Python/pyspark-date-string.py,Python,show,2
/QT_Python/pyspark-date-string.py,Python,alias,5
/QT_Python/pyspark-date-string.py,Python,createDataFrame,1
/QT_Python/pyspark-date-string.py,Python,current_date,2
/QT_Python/pyspark-date-string.py,Python,current_timestamp,3
/QT_Python/pyspark-date-string.py,Python,date_format,4
/QT_Python/pyspark-date-string.py,Python,select,1
/QT_Python/pyspark-date-string.py,Python,spark,3
/QT_Python/pyspark-repace-null.py,Python,False,1
/QT_Python/pyspark-repace-null.py,Python,from,1
/QT_Python/pyspark-repace-null.py,Python,import,1
/QT_Python/pyspark-repace-null.py,Python,read,1
/QT_Python/pyspark-repace-null.py,Python,SparkSession,2
/QT_Python/pyspark-repace-null.py,Python,sql,1
/QT_Python/pyspark-repace-null.py,Python,show,11
/QT_Python/pyspark-repace-null.py,Python,na,6
/QT_Python/pyspark-repace-null.py,Python,printSchema,1
/QT_Python/pyspark-repace-null.py,Python,spark,2
/QT_Python/pyspark-sparksession.py,Python,from,1
/QT_Python/pyspark-sparksession.py,Python,import,2
/QT_Python/pyspark-sparksession.py,Python,SparkSession,4
/QT_Python/pyspark-sparksession.py,Python,sql,1
/QT_Python/pyspark-sparksession.py,Python,newSession,1
/QT_Python/pyspark-sparksession.py,Python,spark,3
/QT_Python/pyspark-sparksession.py,Python,sparkContext,6
/QT_Python/pyspark-string-date.py,Python,from,2
/QT_Python/pyspark-string-date.py,Python,import,2
/QT_Python/pyspark-string-date.py,Python,SparkSession,2
/QT_Python/pyspark-string-date.py,Python,sql,3
/QT_Python/pyspark-string-date.py,Python,show,2
/QT_Python/pyspark-string-date.py,Python,alias,1
/QT_Python/pyspark-string-date.py,Python,col,2
/QT_Python/pyspark-string-date.py,Python,createDataFrame,1
/QT_Python/pyspark-string-date.py,Python,select,1
/QT_Python/pyspark-string-date.py,Python,spark,3
/QT_Python/pyspark-string-date.py,Python,to_date,1
/QT_Python/pyspark-distinct.py,Python,False,4
/QT_Python/pyspark-distinct.py,Python,from,2
/QT_Python/pyspark-distinct.py,Python,import,3
/QT_Python/pyspark-distinct.py,Python,SparkSession,2
/QT_Python/pyspark-distinct.py,Python,sql,2
/QT_Python/pyspark-distinct.py,Python,show,4
/QT_Python/pyspark-distinct.py,Python,count,3
/QT_Python/pyspark-distinct.py,Python,columns,2
/QT_Python/pyspark-distinct.py,Python,createDataFrame,1
/QT_Python/pyspark-distinct.py,Python,distinct,1
/QT_Python/pyspark-distinct.py,Python,dropDuplicates,2
/QT_Python/pyspark-distinct.py,Python,expr,1
/QT_Python/pyspark-distinct.py,Python,printSchema,1
/QT_Python/pyspark-distinct.py,Python,schema,1
/QT_Python/pyspark-distinct.py,Python,spark,2
/QT_Python/pyspark-change-string-double.py,Python,False,1
/QT_Python/pyspark-change-string-double.py,Python,from,3
/QT_Python/pyspark-change-string-double.py,Python,import,3
/QT_Python/pyspark-change-string-double.py,Python,SparkSession,2
/QT_Python/pyspark-change-string-double.py,Python,sql,4
/QT_Python/pyspark-change-string-double.py,Python,show,1
/QT_Python/pyspark-change-string-double.py,Python,col,2
/QT_Python/pyspark-change-string-double.py,Python,columns,2
/QT_Python/pyspark-change-string-double.py,Python,createDataFrame,1
/QT_Python/pyspark-change-string-double.py,Python,createOrReplaceTempView,1
/QT_Python/pyspark-change-string-double.py,Python,expr,1
/QT_Python/pyspark-change-string-double.py,Python,printSchema,6
/QT_Python/pyspark-change-string-double.py,Python,round,1
/QT_Python/pyspark-change-string-double.py,Python,schema,1
/QT_Python/pyspark-change-string-double.py,Python,selectExpr,1
/QT_Python/pyspark-change-string-double.py,Python,spark,3
/QT_Python/pyspark-change-string-double.py,Python,withColumn,3
/QT_Python/pyspark-dataframe-repartition.py,Python,from,1
/QT_Python/pyspark-dataframe-repartition.py,Python,import,2
/QT_Python/pyspark-dataframe-repartition.py,Python,write,1
/QT_Python/pyspark-dataframe-repartition.py,Python,SparkSession,2
/QT_Python/pyspark-dataframe-repartition.py,Python,sql,1
/QT_Python/pyspark-dataframe-repartition.py,Python,count,1
/QT_Python/pyspark-dataframe-repartition.py,Python,coalesce,1
/QT_Python/pyspark-dataframe-repartition.py,Python,groupBy,1
/QT_Python/pyspark-dataframe-repartition.py,Python,range,1
/QT_Python/pyspark-dataframe-repartition.py,Python,rdd,4
/QT_Python/pyspark-dataframe-repartition.py,Python,repartition,1
/QT_Python/pyspark-dataframe-repartition.py,Python,spark,2
/QT_Python/pyspark-groupby-sort.py,Python,False,2
/QT_Python/pyspark-groupby-sort.py,Python,from,4
/QT_Python/pyspark-groupby-sort.py,Python,import,4
/QT_Python/pyspark-groupby-sort.py,Python,SparkSession,2
/QT_Python/pyspark-groupby-sort.py,Python,sql,5
/QT_Python/pyspark-groupby-sort.py,Python,sum,6
/QT_Python/pyspark-groupby-sort.py,Python,avg,1
/QT_Python/pyspark-groupby-sort.py,Python,show,10
/QT_Python/pyspark-groupby-sort.py,Python,agg,2
/QT_Python/pyspark-groupby-sort.py,Python,alias,3
/QT_Python/pyspark-groupby-sort.py,Python,asc,1
/QT_Python/pyspark-groupby-sort.py,Python,col,4
/QT_Python/pyspark-groupby-sort.py,Python,createDataFrame,1
/QT_Python/pyspark-groupby-sort.py,Python,createOrReplaceTempView,1
/QT_Python/pyspark-groupby-sort.py,Python,desc,3
/QT_Python/pyspark-groupby-sort.py,Python,filter,2
/QT_Python/pyspark-groupby-sort.py,Python,groupBy,5
/QT_Python/pyspark-groupby-sort.py,Python,max,1
/QT_Python/pyspark-groupby-sort.py,Python,printSchema,1
/QT_Python/pyspark-groupby-sort.py,Python,schema,3
/QT_Python/pyspark-groupby-sort.py,Python,select,1
/QT_Python/pyspark-groupby-sort.py,Python,sort,3
/QT_Python/pyspark-groupby-sort.py,Python,spark,3
/QT_Python/pyspark-groupby-sort.py,Python,withColumnRenamed,1
/QT_Python/pyspark-empty-data-frame.py,Python,from,2
/QT_Python/pyspark-empty-data-frame.py,Python,import,3
/QT_Python/pyspark-empty-data-frame.py,Python,True,3
/QT_Python/pyspark-empty-data-frame.py,Python,SparkSession,2
/QT_Python/pyspark-empty-data-frame.py,Python,sql,2
/QT_Python/pyspark-empty-data-frame.py,Python,createDataFrame,2
/QT_Python/pyspark-empty-data-frame.py,Python,emptyDataFrame,1
/QT_Python/pyspark-empty-data-frame.py,Python,printSchema,4
/QT_Python/pyspark-empty-data-frame.py,Python,schema,4
/QT_Python/pyspark-empty-data-frame.py,Python,spark,6
/QT_Python/pyspark-empty-data-frame.py,Python,sparkContext,2
/QT_Python/pyspark-empty-data-frame.py,Python,toDF,1
/QT_Python/pyspark-rdd-wordcount-2.py,Python,from,2
/QT_Python/pyspark-rdd-wordcount-2.py,Python,for,6
/QT_Python/pyspark-rdd-wordcount-2.py,Python,in,7
/QT_Python/pyspark-rdd-wordcount-2.py,Python,import,2
/QT_Python/pyspark-rdd-wordcount-2.py,Python,lambda,5
/QT_Python/pyspark-rdd-wordcount-2.py,Python,SparkSession,2
/QT_Python/pyspark-rdd-wordcount-2.py,Python,sql,2
/QT_Python/pyspark-rdd-wordcount-2.py,Python,show,1
/QT_Python/pyspark-rdd-wordcount-2.py,Python,collect,6
/QT_Python/pyspark-rdd-wordcount-2.py,Python,alias,1
/QT_Python/pyspark-rdd-wordcount-2.py,Python,col,3
/QT_Python/pyspark-rdd-wordcount-2.py,Python,createDataFrame,1
/QT_Python/pyspark-rdd-wordcount-2.py,Python,expr,2
/QT_Python/pyspark-rdd-wordcount-2.py,Python,filter,1
/QT_Python/pyspark-rdd-wordcount-2.py,Python,flatMap,1
/QT_Python/pyspark-rdd-wordcount-2.py,Python,map,2
/QT_Python/pyspark-rdd-wordcount-2.py,Python,rdd,3
/QT_Python/pyspark-rdd-wordcount-2.py,Python,select,1
/QT_Python/pyspark-rdd-wordcount-2.py,Python,spark,3
/QT_Python/pyspark-rdd-wordcount-2.py,Python,sparkContext,1
/QT_Python/pyspark-rdd-wordcount-2.py,Python,split,1
/QT_Python/pyspark-rdd-wordcount-2.py,Python,toDF,1
/QT_Python/pyspark-rdd-reduceByKey.py,Python,from,1
/QT_Python/pyspark-rdd-reduceByKey.py,Python,for,1
/QT_Python/pyspark-rdd-reduceByKey.py,Python,in,1
/QT_Python/pyspark-rdd-reduceByKey.py,Python,import,1
/QT_Python/pyspark-rdd-reduceByKey.py,Python,lambda,1
/QT_Python/pyspark-rdd-reduceByKey.py,Python,SparkSession,2
/QT_Python/pyspark-rdd-reduceByKey.py,Python,sql,1
/QT_Python/pyspark-rdd-reduceByKey.py,Python,collect,1
/QT_Python/pyspark-rdd-reduceByKey.py,Python,rdd,2
/QT_Python/pyspark-rdd-reduceByKey.py,Python,spark,2
/QT_Python/pyspark-rdd-reduceByKey.py,Python,sparkContext,1
/QT_Python/pyspark-timestamp-date.py,Python,False,5
/QT_Python/pyspark-timestamp-date.py,Python,from,2
/QT_Python/pyspark-timestamp-date.py,Python,import,2
/QT_Python/pyspark-timestamp-date.py,Python,SparkSession,2
/QT_Python/pyspark-timestamp-date.py,Python,sql,7
/QT_Python/pyspark-timestamp-date.py,Python,show,6
/QT_Python/pyspark-timestamp-date.py,Python,col,3
/QT_Python/pyspark-timestamp-date.py,Python,createDataFrame,1
/QT_Python/pyspark-timestamp-date.py,Python,current_timestamp,1
/QT_Python/pyspark-timestamp-date.py,Python,lit,1
/QT_Python/pyspark-timestamp-date.py,Python,printSchema,1
/QT_Python/pyspark-timestamp-date.py,Python,schema,1
/QT_Python/pyspark-timestamp-date.py,Python,select,1
/QT_Python/pyspark-timestamp-date.py,Python,spark,7
/QT_Python/pyspark-timestamp-date.py,Python,to_date,4
/QT_Python/pyspark-timestamp-date.py,Python,to_timestamp,2
/QT_Python/pyspark-timestamp-date.py,Python,withColumn,6
/QT_Python/pyspark-update-column.py,Python,from,2
/QT_Python/pyspark-update-column.py,Python,import,2
/QT_Python/pyspark-update-column.py,Python,None,1
/QT_Python/pyspark-update-column.py,Python,SparkSession,2
/QT_Python/pyspark-update-column.py,Python,sql,3
/QT_Python/pyspark-update-column.py,Python,show,4
/QT_Python/pyspark-update-column.py,Python,columns,2
/QT_Python/pyspark-update-column.py,Python,createDataFrame,1
/QT_Python/pyspark-update-column.py,Python,createOrReplaceTempView,1
/QT_Python/pyspark-update-column.py,Python,printSchema,1
/QT_Python/pyspark-update-column.py,Python,schema,1
/QT_Python/pyspark-update-column.py,Python,spark,3
/QT_Python/pyspark-update-column.py,Python,when,3
/QT_Python/pyspark-update-column.py,Python,withColumn,3
/QT_Python/pyspark-pivot.py,Python,False,4
/QT_Python/pyspark-pivot.py,Python,from,2
/QT_Python/pyspark-pivot.py,Python,import,3
/QT_Python/pyspark-pivot.py,Python,SparkSession,2
/QT_Python/pyspark-pivot.py,Python,sql,2
/QT_Python/pyspark-pivot.py,Python,sum,3
/QT_Python/pyspark-pivot.py,Python,show,4
/QT_Python/pyspark-pivot.py,Python,columns,2
/QT_Python/pyspark-pivot.py,Python,createDataFrame,1
/QT_Python/pyspark-pivot.py,Python,expr,2
/QT_Python/pyspark-pivot.py,Python,groupBy,3
/QT_Python/pyspark-pivot.py,Python,printSchema,3
/QT_Python/pyspark-pivot.py,Python,schema,1
/QT_Python/pyspark-pivot.py,Python,select,1
/QT_Python/pyspark-pivot.py,Python,spark,2
/QT_Python/pyspark-pivot.py,Python,where,1
/QT_Python/pyspark-array-string.py,Python,False,3
/QT_Python/pyspark-array-string.py,Python,from,2
/QT_Python/pyspark-array-string.py,Python,import,3
/QT_Python/pyspark-array-string.py,Python,SparkSession,2
/QT_Python/pyspark-array-string.py,Python,sql,3
/QT_Python/pyspark-array-string.py,Python,concat_ws,2
/QT_Python/pyspark-array-string.py,Python,show,3
/QT_Python/pyspark-array-string.py,Python,col,2
/QT_Python/pyspark-array-string.py,Python,columns,2
/QT_Python/pyspark-array-string.py,Python,createDataFrame,1
/QT_Python/pyspark-array-string.py,Python,createOrReplaceTempView,1
/QT_Python/pyspark-array-string.py,Python,printSchema,2
/QT_Python/pyspark-array-string.py,Python,schema,1
/QT_Python/pyspark-array-string.py,Python,spark,3
/QT_Python/pyspark-array-string.py,Python,withColumn,1
/QT_Python/pyspark-print-contents.py,Python,from,1
/QT_Python/pyspark-print-contents.py,Python,for,1
/QT_Python/pyspark-print-contents.py,Python,in,1
/QT_Python/pyspark-print-contents.py,Python,import,1
/QT_Python/pyspark-print-contents.py,Python,SparkSession,2
/QT_Python/pyspark-print-contents.py,Python,sql,1
/QT_Python/pyspark-print-contents.py,Python,collect,1
/QT_Python/pyspark-print-contents.py,Python,rdd,3
/QT_Python/pyspark-print-contents.py,Python,spark,2
/QT_Python/pyspark-print-contents.py,Python,sparkContext,1
/QT_Python/pyspark-column-operations.py,Python,from,3
/QT_Python/pyspark-column-operations.py,Python,for,1
/QT_Python/pyspark-column-operations.py,Python,in,1
/QT_Python/pyspark-column-operations.py,Python,import,3
/QT_Python/pyspark-column-operations.py,Python,SparkSession,2
/QT_Python/pyspark-column-operations.py,Python,sql,3
/QT_Python/pyspark-column-operations.py,Python,show,23
/QT_Python/pyspark-column-operations.py,Python,col,9
/QT_Python/pyspark-column-operations.py,Python,column,2
/QT_Python/pyspark-column-operations.py,Python,columns,1
/QT_Python/pyspark-column-operations.py,Python,createDataFrame,3
/QT_Python/pyspark-column-operations.py,Python,filter,1
/QT_Python/pyspark-column-operations.py,Python,printSchema,2
/QT_Python/pyspark-column-operations.py,Python,select,19
/QT_Python/pyspark-column-operations.py,Python,spark,4
/QT_Python/pyspark-column-operations.py,Python,substr,1
/QT_Python/pyspark-column-operations.py,Python,toDF,3
/QT_Python/pyspark-column-operations.py,Python,withColumn,1
/QT_Python/pyspark-withcolumn.py,Python,False,6
/QT_Python/pyspark-withcolumn.py,Python,from,3
/QT_Python/pyspark-withcolumn.py,Python,import,4
/QT_Python/pyspark-withcolumn.py,Python,True,6
/QT_Python/pyspark-withcolumn.py,Python,SparkSession,2
/QT_Python/pyspark-withcolumn.py,Python,sql,3
/QT_Python/pyspark-withcolumn.py,Python,show,6
/QT_Python/pyspark-withcolumn.py,Python,col,4
/QT_Python/pyspark-withcolumn.py,Python,columns,2
/QT_Python/pyspark-withcolumn.py,Python,createDataFrame,2
/QT_Python/pyspark-withcolumn.py,Python,drop,1
/QT_Python/pyspark-withcolumn.py,Python,lit,4
/QT_Python/pyspark-withcolumn.py,Python,printSchema,7
/QT_Python/pyspark-withcolumn.py,Python,schema,2
/QT_Python/pyspark-withcolumn.py,Python,spark,3
/QT_Python/pyspark-withcolumn.py,Python,withColumn,6
/QT_Python/pyspark-withcolumn.py,Python,withColumnRenamed,1
/QT_Python/pyspark-explode-nested-array.py,Python,False,3
/QT_Python/pyspark-explode-nested-array.py,Python,from,2
/QT_Python/pyspark-explode-nested-array.py,Python,import,3
/QT_Python/pyspark-explode-nested-array.py,Python,SparkSession,2
/QT_Python/pyspark-explode-nested-array.py,Python,sql,2
/QT_Python/pyspark-explode-nested-array.py,Python,show,3
/QT_Python/pyspark-explode-nested-array.py,Python,explode,2
/QT_Python/pyspark-explode-nested-array.py,Python,createDataFrame,1
/QT_Python/pyspark-explode-nested-array.py,Python,flatten,2
/QT_Python/pyspark-explode-nested-array.py,Python,printSchema,1
/QT_Python/pyspark-explode-nested-array.py,Python,schema,1
/QT_Python/pyspark-explode-nested-array.py,Python,select,2
/QT_Python/pyspark-explode-nested-array.py,Python,spark,2
/QT_Python/pyspark-drop-null.py,Python,False,5
/QT_Python/pyspark-drop-null.py,Python,from,1
/QT_Python/pyspark-drop-null.py,Python,import,1
/QT_Python/pyspark-drop-null.py,Python,read,1
/QT_Python/pyspark-drop-null.py,Python,SparkSession,3
/QT_Python/pyspark-drop-null.py,Python,sql,1
/QT_Python/pyspark-drop-null.py,Python,show,5
/QT_Python/pyspark-drop-null.py,Python,drop,3
/QT_Python/pyspark-drop-null.py,Python,na,3
/QT_Python/pyspark-drop-null.py,Python,printSchema,1
/QT_Python/pyspark-drop-null.py,Python,spark,2
/QT_Python/pyspark-time-diff.py,Python,False,6
/QT_Python/pyspark-time-diff.py,Python,from,2
/QT_Python/pyspark-time-diff.py,Python,import,2
/QT_Python/pyspark-time-diff.py,Python,SparkSession,2
/QT_Python/pyspark-time-diff.py,Python,sql,5
/QT_Python/pyspark-time-diff.py,Python,show,9
/QT_Python/pyspark-time-diff.py,Python,alias,1
/QT_Python/pyspark-time-diff.py,Python,col,17
/QT_Python/pyspark-time-diff.py,Python,createDataFrame,3
/QT_Python/pyspark-time-diff.py,Python,current_timestamp,4
/QT_Python/pyspark-time-diff.py,Python,round,7
/QT_Python/pyspark-time-diff.py,Python,schema,3
/QT_Python/pyspark-time-diff.py,Python,spark,7
/QT_Python/pyspark-time-diff.py,Python,to_timestamp,5
/QT_Python/pyspark-time-diff.py,Python,unix_timestamp,2
/QT_Python/pyspark-time-diff.py,Python,withColumn,19
/QT_Python/pyspark-filter-null.py,Python,from,2
/QT_Python/pyspark-filter-null.py,Python,import,2
/QT_Python/pyspark-filter-null.py,Python,None,3
/QT_Python/pyspark-filter-null.py,Python,SparkSession,3
/QT_Python/pyspark-filter-null.py,Python,sql,5
/QT_Python/pyspark-filter-null.py,Python,show,14
/QT_Python/pyspark-filter-null.py,Python,col,3
/QT_Python/pyspark-filter-null.py,Python,columns,2
/QT_Python/pyspark-filter-null.py,Python,createDataFrame,1
/QT_Python/pyspark-filter-null.py,Python,createOrReplaceTempView,1
/QT_Python/pyspark-filter-null.py,Python,drop,1
/QT_Python/pyspark-filter-null.py,Python,filter,9
/QT_Python/pyspark-filter-null.py,Python,isNotNull,2
/QT_Python/pyspark-filter-null.py,Python,isNull,4
/QT_Python/pyspark-filter-null.py,Python,na,1
/QT_Python/pyspark-filter-null.py,Python,printSchema,1
/QT_Python/pyspark-filter-null.py,Python,spark,5
/QT_Python/pyspark-shape-dataframe.py,Python,as,1
/QT_Python/pyspark-shape-dataframe.py,Python,def,1
/QT_Python/pyspark-shape-dataframe.py,Python,from,1
/QT_Python/pyspark-shape-dataframe.py,Python,import,3
/QT_Python/pyspark-shape-dataframe.py,Python,return,1
/QT_Python/pyspark-shape-dataframe.py,Python,SparkSession,2
/QT_Python/pyspark-shape-dataframe.py,Python,sql,2
/QT_Python/pyspark-shape-dataframe.py,Python,show,1
/QT_Python/pyspark-shape-dataframe.py,Python,count,2
/QT_Python/pyspark-shape-dataframe.py,Python,columns,2
/QT_Python/pyspark-shape-dataframe.py,Python,createDataFrame,1
/QT_Python/pyspark-shape-dataframe.py,Python,printSchema,1
/QT_Python/pyspark-shape-dataframe.py,Python,spark,2
/QT_Python/pyspark-lit.py,Python,False,3
/QT_Python/pyspark-lit.py,Python,from,3
/QT_Python/pyspark-lit.py,Python,import,4
/QT_Python/pyspark-lit.py,Python,SparkSession,2
/QT_Python/pyspark-lit.py,Python,sql,3
/QT_Python/pyspark-lit.py,Python,show,3
/QT_Python/pyspark-lit.py,Python,alias,1
/QT_Python/pyspark-lit.py,Python,col,5
/QT_Python/pyspark-lit.py,Python,columns,2
/QT_Python/pyspark-lit.py,Python,createDataFrame,1
/QT_Python/pyspark-lit.py,Python,lit,4
/QT_Python/pyspark-lit.py,Python,printSchema,1
/QT_Python/pyspark-lit.py,Python,schema,1
/QT_Python/pyspark-lit.py,Python,select,1
/QT_Python/pyspark-lit.py,Python,spark,2
/QT_Python/pyspark-lit.py,Python,when,2
/QT_Python/pyspark-lit.py,Python,withColumn,1
/QT_Python/convert-column-python-list.py,Python,from,2
/QT_Python/convert-column-python-list.py,Python,import,2
/QT_Python/convert-column-python-list.py,Python,lambda,3
/QT_Python/convert-column-python-list.py,Python,SparkSession,2
/QT_Python/convert-column-python-list.py,Python,sql,1
/QT_Python/convert-column-python-list.py,Python,show,1
/QT_Python/convert-column-python-list.py,Python,collect,5
/QT_Python/convert-column-python-list.py,Python,columns,2
/QT_Python/convert-column-python-list.py,Python,createDataFrame,1
/QT_Python/convert-column-python-list.py,Python,flatMap,1
/QT_Python/convert-column-python-list.py,Python,map,2
/QT_Python/convert-column-python-list.py,Python,rdd,3
/QT_Python/convert-column-python-list.py,Python,schema,1
/QT_Python/convert-column-python-list.py,Python,select,4
/QT_Python/convert-column-python-list.py,Python,spark,2
/QT_Python/pyspark-cast-column.py,Python,False,3
/QT_Python/pyspark-cast-column.py,Python,from,3
/QT_Python/pyspark-cast-column.py,Python,import,4
/QT_Python/pyspark-cast-column.py,Python,SparkSession,2
/QT_Python/pyspark-cast-column.py,Python,sql,4
/QT_Python/pyspark-cast-column.py,Python,show,3
/QT_Python/pyspark-cast-column.py,Python,col,4
/QT_Python/pyspark-cast-column.py,Python,columns,2
/QT_Python/pyspark-cast-column.py,Python,createDataFrame,1
/QT_Python/pyspark-cast-column.py,Python,createOrReplaceTempView,1
/QT_Python/pyspark-cast-column.py,Python,printSchema,4
/QT_Python/pyspark-cast-column.py,Python,schema,1
/QT_Python/pyspark-cast-column.py,Python,selectExpr,1
/QT_Python/pyspark-cast-column.py,Python,spark,3
/QT_Python/pyspark-cast-column.py,Python,withColumn,3
/QT_Python/pyspark-convert_columns-to-map.py,Python,False,2
/QT_Python/pyspark-convert_columns-to-map.py,Python,from,3
/QT_Python/pyspark-convert_columns-to-map.py,Python,import,3
/QT_Python/pyspark-convert_columns-to-map.py,Python,True,4
/QT_Python/pyspark-convert_columns-to-map.py,Python,SparkSession,2
/QT_Python/pyspark-convert_columns-to-map.py,Python,sql,3
/QT_Python/pyspark-convert_columns-to-map.py,Python,show,2
/QT_Python/pyspark-convert_columns-to-map.py,Python,col,3
/QT_Python/pyspark-convert_columns-to-map.py,Python,createDataFrame,1
/QT_Python/pyspark-convert_columns-to-map.py,Python,drop,1
/QT_Python/pyspark-convert_columns-to-map.py,Python,lit,3
/QT_Python/pyspark-convert_columns-to-map.py,Python,printSchema,2
/QT_Python/pyspark-convert_columns-to-map.py,Python,schema,3
/QT_Python/pyspark-convert_columns-to-map.py,Python,spark,2
/QT_Python/pyspark-convert_columns-to-map.py,Python,withColumn,1
/QT_Python/pyspark-count-distinct.py,Python,from,2
/QT_Python/pyspark-count-distinct.py,Python,import,2
/QT_Python/pyspark-count-distinct.py,Python,SparkSession,2
/QT_Python/pyspark-count-distinct.py,Python,sql,3
/QT_Python/pyspark-count-distinct.py,Python,show,3
/QT_Python/pyspark-count-distinct.py,Python,count,1
/QT_Python/pyspark-count-distinct.py,Python,collect,1
/QT_Python/pyspark-count-distinct.py,Python,columns,2
/QT_Python/pyspark-count-distinct.py,Python,countDistinct,2
/QT_Python/pyspark-count-distinct.py,Python,createDataFrame,1
/QT_Python/pyspark-count-distinct.py,Python,createOrReplaceTempView,1
/QT_Python/pyspark-count-distinct.py,Python,distinct,2
/QT_Python/pyspark-count-distinct.py,Python,schema,1
/QT_Python/pyspark-count-distinct.py,Python,select,1
/QT_Python/pyspark-count-distinct.py,Python,spark,3
/QT_Python/pyspark-create-list.py,Python,False,3
/QT_Python/pyspark-create-list.py,Python,from,2
/QT_Python/pyspark-create-list.py,Python,import,3
/QT_Python/pyspark-create-list.py,Python,True,3
/QT_Python/pyspark-create-list.py,Python,SparkSession,2
/QT_Python/pyspark-create-list.py,Python,sql,2
/QT_Python/pyspark-create-list.py,Python,show,3
/QT_Python/pyspark-create-list.py,Python,createDataFrame,3
/QT_Python/pyspark-create-list.py,Python,printSchema,3
/QT_Python/pyspark-create-list.py,Python,rdd,1
/QT_Python/pyspark-create-list.py,Python,schema,3
/QT_Python/pyspark-create-list.py,Python,spark,5
/QT_Python/pyspark-create-list.py,Python,sparkContext,1
/QT_Python/pyspark-rdd-to-dataframe.py,Python,False,4
/QT_Python/pyspark-rdd-to-dataframe.py,Python,from,2
/QT_Python/pyspark-rdd-to-dataframe.py,Python,import,3
/QT_Python/pyspark-rdd-to-dataframe.py,Python,True,2
/QT_Python/pyspark-rdd-to-dataframe.py,Python,SparkSession,2
/QT_Python/pyspark-rdd-to-dataframe.py,Python,sql,2
/QT_Python/pyspark-rdd-to-dataframe.py,Python,show,4
/QT_Python/pyspark-rdd-to-dataframe.py,Python,createDataFrame,2
/QT_Python/pyspark-rdd-to-dataframe.py,Python,printSchema,4
/QT_Python/pyspark-rdd-to-dataframe.py,Python,rdd,3
/QT_Python/pyspark-rdd-to-dataframe.py,Python,schema,2
/QT_Python/pyspark-rdd-to-dataframe.py,Python,spark,4
/QT_Python/pyspark-rdd-to-dataframe.py,Python,sparkContext,1
/QT_Python/pyspark-rdd-to-dataframe.py,Python,toDF,2
/QT_Python/pyspark-loop.py,Python,as,1
/QT_Python/pyspark-loop.py,Python,def,2
/QT_Python/pyspark-loop.py,Python,from,2
/QT_Python/pyspark-loop.py,Python,for,3
/QT_Python/pyspark-loop.py,Python,in,3
/QT_Python/pyspark-loop.py,Python,import,3
/QT_Python/pyspark-loop.py,Python,lambda,5
/QT_Python/pyspark-loop.py,Python,return,1
/QT_Python/pyspark-loop.py,Python,SparkSession,2
/QT_Python/pyspark-loop.py,Python,sql,2
/QT_Python/pyspark-loop.py,Python,concat_ws,2
/QT_Python/pyspark-loop.py,Python,show,3
/QT_Python/pyspark-loop.py,Python,collect,2
/QT_Python/pyspark-loop.py,Python,alias,2
/QT_Python/pyspark-loop.py,Python,col,1
/QT_Python/pyspark-loop.py,Python,columns,2
/QT_Python/pyspark-loop.py,Python,createDataFrame,1
/QT_Python/pyspark-loop.py,Python,foreach,2
/QT_Python/pyspark-loop.py,Python,lit,2
/QT_Python/pyspark-loop.py,Python,lower,1
/QT_Python/pyspark-loop.py,Python,map,4
/QT_Python/pyspark-loop.py,Python,rdd,9
/QT_Python/pyspark-loop.py,Python,schema,1
/QT_Python/pyspark-loop.py,Python,select,1
/QT_Python/pyspark-loop.py,Python,spark,2
/QT_Python/pyspark-loop.py,Python,toDF,1
/QT_Python/pyspark-loop.py,Python,toLocalIterator,1
/QT_Python/pyspark-rdd-flatMap.py,Python,from,1
/QT_Python/pyspark-rdd-flatMap.py,Python,for,2
/QT_Python/pyspark-rdd-flatMap.py,Python,in,2
/QT_Python/pyspark-rdd-flatMap.py,Python,import,1
/QT_Python/pyspark-rdd-flatMap.py,Python,lambda,1
/QT_Python/pyspark-rdd-flatMap.py,Python,SparkSession,2
/QT_Python/pyspark-rdd-flatMap.py,Python,sql,1
/QT_Python/pyspark-rdd-flatMap.py,Python,collect,2
/QT_Python/pyspark-rdd-flatMap.py,Python,flatMap,1
/QT_Python/pyspark-rdd-flatMap.py,Python,rdd,3
/QT_Python/pyspark-rdd-flatMap.py,Python,spark,2
/QT_Python/pyspark-rdd-flatMap.py,Python,sparkContext,1
/QT_Python/pyspark-rdd-flatMap.py,Python,split,1
/QT_Python/pyspark-window-functions.py,Python,False,2
/QT_Python/pyspark-window-functions.py,Python,from,11
/QT_Python/pyspark-window-functions.py,Python,import,12
/QT_Python/pyspark-window-functions.py,Python,SparkSession,2
/QT_Python/pyspark-window-functions.py,Python,sql,11
/QT_Python/pyspark-window-functions.py,Python,sum,2
/QT_Python/pyspark-window-functions.py,Python,avg,2
/QT_Python/pyspark-window-functions.py,Python,show,10
/QT_Python/pyspark-window-functions.py,Python,partitionBy,2
/QT_Python/pyspark-window-functions.py,Python,col,6
/QT_Python/pyspark-window-functions.py,Python,columns,2
/QT_Python/pyspark-window-functions.py,Python,createDataFrame,1
/QT_Python/pyspark-window-functions.py,Python,cume_dist,2
/QT_Python/pyspark-window-functions.py,Python,dense_rank,2
/QT_Python/pyspark-window-functions.py,Python,lag,2
/QT_Python/pyspark-window-functions.py,Python,lead,2
/QT_Python/pyspark-window-functions.py,Python,max,2
/QT_Python/pyspark-window-functions.py,Python,min,2
/QT_Python/pyspark-window-functions.py,Python,ntile,2
/QT_Python/pyspark-window-functions.py,Python,orderBy,1
/QT_Python/pyspark-window-functions.py,Python,percent_rank,2
/QT_Python/pyspark-window-functions.py,Python,printSchema,1
/QT_Python/pyspark-window-functions.py,Python,rank,2
/QT_Python/pyspark-window-functions.py,Python,row_number,4
/QT_Python/pyspark-window-functions.py,Python,schema,1
/QT_Python/pyspark-window-functions.py,Python,select,1
/QT_Python/pyspark-window-functions.py,Python,spark,2
/QT_Python/pyspark-window-functions.py,Python,where,1
/QT_Python/pyspark-window-functions.py,Python,window,1
/QT_Python/pyspark-window-functions.py,Python,withColumn,13
/QT_Python/pyspark-read-json.py,Python,from,2
/QT_Python/pyspark-read-json.py,Python,import,2
/QT_Python/pyspark-read-json.py,Python,read,5
/QT_Python/pyspark-read-json.py,Python,True,20
/QT_Python/pyspark-read-json.py,Python,write,1
/QT_Python/pyspark-read-json.py,Python,SparkSession,2
/QT_Python/pyspark-read-json.py,Python,sql,4
/QT_Python/pyspark-read-json.py,Python,show,6
/QT_Python/pyspark-read-json.py,Python,json,6
/QT_Python/pyspark-read-json.py,Python,printSchema,2
/QT_Python/pyspark-read-json.py,Python,schema,3
/QT_Python/pyspark-read-json.py,Python,spark,8
/QT_Python/pyspark-date-timestamp-functions.py,Python,False,4
/QT_Python/pyspark-date-timestamp-functions.py,Python,from,2
/QT_Python/pyspark-date-timestamp-functions.py,Python,import,2
/QT_Python/pyspark-date-timestamp-functions.py,Python,SparkSession,2
/QT_Python/pyspark-date-timestamp-functions.py,Python,sql,2
/QT_Python/pyspark-date-timestamp-functions.py,Python,show,14
/QT_Python/pyspark-date-timestamp-functions.py,Python,add_months,2
/QT_Python/pyspark-date-timestamp-functions.py,Python,alias,24
/QT_Python/pyspark-date-timestamp-functions.py,Python,col,32
/QT_Python/pyspark-date-timestamp-functions.py,Python,createDataFrame,3
/QT_Python/pyspark-date-timestamp-functions.py,Python,current_date,3
/QT_Python/pyspark-date-timestamp-functions.py,Python,current_timestamp,1
/QT_Python/pyspark-date-timestamp-functions.py,Python,date_add,1
/QT_Python/pyspark-date-timestamp-functions.py,Python,date_format,1
/QT_Python/pyspark-date-timestamp-functions.py,Python,date_sub,1
/QT_Python/pyspark-date-timestamp-functions.py,Python,datediff,1
/QT_Python/pyspark-date-timestamp-functions.py,Python,dayofmonth,1
/QT_Python/pyspark-date-timestamp-functions.py,Python,dayofweek,1
/QT_Python/pyspark-date-timestamp-functions.py,Python,dayofyear,1
/QT_Python/pyspark-date-timestamp-functions.py,Python,hour,1
/QT_Python/pyspark-date-timestamp-functions.py,Python,minute,1
/QT_Python/pyspark-date-timestamp-functions.py,Python,month,1
/QT_Python/pyspark-date-timestamp-functions.py,Python,months_between,1
/QT_Python/pyspark-date-timestamp-functions.py,Python,next_day,1
/QT_Python/pyspark-date-timestamp-functions.py,Python,second,1
/QT_Python/pyspark-date-timestamp-functions.py,Python,select,12
/QT_Python/pyspark-date-timestamp-functions.py,Python,spark,4
/QT_Python/pyspark-date-timestamp-functions.py,Python,to_date,1
/QT_Python/pyspark-date-timestamp-functions.py,Python,to_timestamp,1
/QT_Python/pyspark-date-timestamp-functions.py,Python,trunc,3
/QT_Python/pyspark-date-timestamp-functions.py,Python,weekofyear,1
/QT_Python/pyspark-date-timestamp-functions.py,Python,year,1
/QT_Python/pyspark-rdd.py,Python,from,1
/QT_Python/pyspark-rdd.py,Python,import,1
/QT_Python/pyspark-rdd.py,Python,SparkSession,2
/QT_Python/pyspark-rdd.py,Python,sql,1
/QT_Python/pyspark-rdd.py,Python,count,1
/QT_Python/pyspark-rdd.py,Python,rdd,4
/QT_Python/pyspark-rdd.py,Python,spark,5
/QT_Python/pyspark-rdd.py,Python,sparkContext,3
/QT_Python/pyspark-arraytype.py,Python,False,1
/QT_Python/pyspark-arraytype.py,Python,from,6
/QT_Python/pyspark-arraytype.py,Python,import,6
/QT_Python/pyspark-arraytype.py,Python,True,5
/QT_Python/pyspark-arraytype.py,Python,SparkSession,2
/QT_Python/pyspark-arraytype.py,Python,sql,6
/QT_Python/pyspark-arraytype.py,Python,show,5
/QT_Python/pyspark-arraytype.py,Python,explode,2
/QT_Python/pyspark-arraytype.py,Python,alias,3
/QT_Python/pyspark-arraytype.py,Python,array,2
/QT_Python/pyspark-arraytype.py,Python,array_contains,2
/QT_Python/pyspark-arraytype.py,Python,createDataFrame,1
/QT_Python/pyspark-arraytype.py,Python,printSchema,1
/QT_Python/pyspark-arraytype.py,Python,schema,3
/QT_Python/pyspark-arraytype.py,Python,select,4
/QT_Python/pyspark-arraytype.py,Python,spark,2
/QT_Python/pyspark-arraytype.py,Python,split,2
/QT_Python/pyspark-sampling.py,Python,False,2
/QT_Python/pyspark-sampling.py,Python,from,1
/QT_Python/pyspark-sampling.py,Python,import,1
/QT_Python/pyspark-sampling.py,Python,True,3
/QT_Python/pyspark-sampling.py,Python,SparkSession,2
/QT_Python/pyspark-sampling.py,Python,sql,1
/QT_Python/pyspark-sampling.py,Python,collect,9
/QT_Python/pyspark-sampling.py,Python,alias,1
/QT_Python/pyspark-sampling.py,Python,range,2
/QT_Python/pyspark-sampling.py,Python,rdd,5
/QT_Python/pyspark-sampling.py,Python,sample,8
/QT_Python/pyspark-sampling.py,Python,select,1
/QT_Python/pyspark-sampling.py,Python,spark,3
/QT_Python/pyspark-sampling.py,Python,sparkContext,1
/QT_Python/pyspark-partitionby.py,Python,from,1
/QT_Python/pyspark-partitionby.py,Python,import,1
/QT_Python/pyspark-partitionby.py,Python,read,4
/QT_Python/pyspark-partitionby.py,Python,True,8
/QT_Python/pyspark-partitionby.py,Python,write,4
/QT_Python/pyspark-partitionby.py,Python,SparkSession,2
/QT_Python/pyspark-partitionby.py,Python,sql,2
/QT_Python/pyspark-partitionby.py,Python,show,3
/QT_Python/pyspark-partitionby.py,Python,partitionBy,4
/QT_Python/pyspark-partitionby.py,Python,createOrReplaceTempView,1
/QT_Python/pyspark-partitionby.py,Python,printSchema,2
/QT_Python/pyspark-partitionby.py,Python,rdd,2
/QT_Python/pyspark-partitionby.py,Python,repartition,1
/QT_Python/pyspark-partitionby.py,Python,spark,6
/QT_Python/python-pandas.py,Python,as,1
/QT_Python/python-pandas.py,Python,import,1
/QT_Python/python-pandas.py,Python,None,1
/QT_Python/python-pandas.py,Python,count,1
/QT_Python/python-pandas.py,Python,columns,3
/QT_Python/python-pandas.py,Python,max,1
/QT_Python/python-pandas.py,Python,mean,1
/QT_Scala/build.sbt,SBT,apache,2
/QT_Scala/build.sbt,SBT,spark,5
/QT_Scala/build.sbt,SBT,scala,4
/QT_Scala/src/main/scala/SessionDriver.scala,Scala,def,2
/QT_Scala/src/main/scala/SessionDriver.scala,Scala,object,1
/QT_Scala/src/main/scala/SessionDriver.scala,Scala,SparkSession,2
/QT_Scala/src/main/scala/SessionDriver.scala,Scala,read,2
/QT_Scala/src/main/scala/SessionDriver.scala,Scala,write,2
/QT_Scala/src/main/scala/SessionDriver.scala,Scala,sql,1
/QT_Scala/src/main/scala/SessionDriver.scala,Scala,spark,3
/QT_Scala/src/main/scala/Credentials.scala,Scala,object,1
/QT_Scala/src/main/scala/Credentials.scala,Scala,spark,1
/QT_Scala/src/main/scala/Main.scala,Scala,def,3
/QT_Scala/src/main/scala/Main.scala,Scala,class,2
/QT_Scala/src/main/scala/Main.scala,Scala,object,5
/QT_Scala/src/main/scala/Main.scala,Scala,main,1
/QT_Scala/src/main/scala/Main.scala,Scala,Main,1
/QT_Scala/src/main/scala/Main.scala,Scala,read,4
/QT_Scala/src/main/scala/Main.scala,Scala,write,1
/QT_Scala/src/main/scala/Main.scala,Scala,sql,3
/QT_Scala/src/main/scala/Main.scala,Scala,show,1
/QT_Scala/src/main/scala/Main.scala,Scala,join,2
/QT_Scala/src/main/scala/Main.scala,Scala,agg,1
/QT_Scala/src/main/scala/Main.scala,Scala,as,2
/QT_Scala/src/main/scala/Main.scala,Scala,col,36
/QT_Scala/src/main/scala/Main.scala,Scala,groupBy,1
/QT_Scala/src/main/scala/Main.scala,Scala,lit,10
/QT_Scala/src/main/scala/Main.scala,Scala,schema,1
/QT_Scala/src/main/scala/Main.scala,Scala,spark,4
/QT_Scala/src/main/scala/Main.scala,Scala,sum,2
/QT_Scala/src/main/scala/Main.scala,Scala,when,3
/QT_Scala/src/main/scala/Main.scala,Scala,withColumn,2
/QT_Scala/src/main/scala/LinearRegression.scala,Scala,def,1
/QT_Scala/src/main/scala/LinearRegression.scala,Scala,object,1
/QT_Scala/src/main/scala/LinearRegression.scala,Scala,length,2
